gi_no,title,company_name,company_id,career,education,employment_type,deadline_raw,job_function,job_categories,company_logo_url,company_ceo,company_founded_year,company_flagship_games,company_homepage
284356,[스타픽시스튜디오] Full-stack 엔지니어,스타픽시스튜디오,51773905,경력3년↑ ,학력무관,정규직,채용시,플랫폼 개발,플랫폼 개발;서버;네트워크,https://file.gamejob.co.kr/net/Corp/CoImage/LogoView?FN=2026\6\GJ_CoLogo_51773905.png?639178157380000000,,,,
284357,[스타픽시스튜디오] 게임 기획자,스타픽시스튜디오,51773905,경력2년↑ ,학력무관,정규직,채용시,게임기획,게임기획,https://file.gamejob.co.kr/net/Corp/CoImage/LogoView?FN=2026\6\GJ_CoLogo_51773905.png?639178157380000000,,,,
284358,[스타픽시스튜디오] 게임 플레이 프로그래머,스타픽시스튜디오,51773905,신입,학력무관,정규직,채용시,게임개발(클라이언트),게임개발(클라이언트);게임개발(모바일);인터페이스 디자인;서버;네트워크,https://file.gamejob.co.kr/net/Corp/CoImage/LogoView?FN=2026\6\GJ_CoLogo_51773905.png?639178157380000000,,,,
284359,[스타픽시스튜디오] 게임 사업PM,스타픽시스튜디오,51773905,경력3년↑ ,학력무관,정규직,채용시,사업기획(국내),사업기획(국내);사업기획(해외);전략기획;사업관리,https://file.gamejob.co.kr/net/Corp/CoImage/LogoView?FN=2026\6\GJ_CoLogo_51773905.png?639178157380000000,,,,
284362,[스타픽시스튜디오] 게임 아티스트,스타픽시스튜디오,51773905,경력2년↑ ,학력무관,정규직,채용시,인터페이스 디자인,인터페이스 디자인;원화;애니메이션;이펙트·FX,https://file.gamejob.co.kr/net/Corp/CoImage/LogoView?FN=2026\6\GJ_CoLogo_51773905.png?639178157380000000,,,,
284363,[스타픽시스튜디오] 게임 기획 Lead,스타픽시스튜디오,51773905,경력5년↑ ,학력무관,정규직,채용시,게임기획,게임기획,https://file.gamejob.co.kr/net/Corp/CoImage/LogoView?FN=2026\6\GJ_CoLogo_51773905.png?639178157380000000,,,,
284364,[스타픽시스튜디오] 커뮤니티 매니저 (콘텐츠·영상),스타픽시스튜디오,51773905,경력2년↑ ,학력무관,정규직,채용시,마케팅,마케팅;홍보;해외 마케팅;프로모션;광고기획,https://file.gamejob.co.kr/net/Corp/CoImage/LogoView?FN=2026\6\GJ_CoLogo_51773905.png?639178157380000000,,,,
284365,[스타픽시스튜디오] 경영지원 (총무),스타픽시스튜디오,51773905,경력3년↑ ,학력무관,정규직,채용시,총무,총무;구매,https://file.gamejob.co.kr/net/Corp/CoImage/LogoView?FN=2026\6\GJ_CoLogo_51773905.png?639178157380000000,,,,
284457,"[블루피쉬스튜디오] 3D 배경, 쿼터뷰 개발 경험 (경력사원) 모집",㈜플레이위드코리아,11525795,경력10년↑ ,학력무관,정규직,~10/01,모델링,모델링,https://file.gamejob.co.kr/net/Corp/CoImage/LogoView?FN=2016\10\GJ_Co_sunny.jpg?638961649670000000,,,,
