company_id,logo_url
43885377,https://file.gamejob.co.kr/net/Corp/CoImage/LogoView?FN=2024\7\GJ_CoLogo_43885377.png
37126660,https://file.gamejob.co.kr/net/Corp/CoImage/LogoView?FN=2022\4\GJ_CoLogo_37126660.png
47014609,https://file.gamejob.co.kr/net/Corp/CoImage/LogoView?FN=2026\9\GJ_CoLogo_47014609.png
11533347,https://file.gamejob.co.kr/net/Corp/CoImage/LogoView?FN=2015\4\GJ_Co_me2on.jpg
21464377,https://file.gamejob.co.kr/net/Corp/CoImage/LogoView?FN=2024\7\GJ_CoLogo_21464377.png
47616029,https://file.gamejob.co.kr/net/Corp/CoImage/LogoView?FN=2025\5\GJ_CoLogo_47616029.png
11525178,https://file.gamejob.co.kr/net/Corp/CoImage/LogoView?FN=2020\10\GJ_CoLogo_11525178.jpg?639216974770000000
11525247,https://file.gamejob.co.kr/net/Corp/CoImage/LogoView?FN=2022\11\GJ_CoLogo_11525247.jpg?639213837730000000
11525476,https://file.gamejob.co.kr/net/Corp/CoImage/LogoView?FN=2020\11\GJ_CoLogo_11525476.jpg?639231957000000000
11525524,https://file.gamejob.co.kr/net/Corp/CoImage/LogoView?FN=2020\7\GJ_CoLogo_11525524.jpg?638639080290000000
11525585,https://file.gamejob.co.kr/net/Corp/CoImage/LogoView?FN=2019\4\GJ_Co_wehr.jpg?638793756090000000
11525759,https://file.gamejob.co.kr/net/Corp/CoImage/LogoView?FN=2022\4\GJ_CoLogo_11525759.png?639202730720000000
11525795,https://file.gamejob.co.kr/net/Corp/CoImage/LogoView?FN=2016\10\GJ_Co_sunny.jpg?638961649670000000
11525887,https://file.gamejob.co.kr/net/Corp/CoImage/LogoView?FN=2020\4\GJ_CoLogo_11525887.png?638798035820000000
11526014,https://file.gamejob.co.kr/net/Corp/CoImage/LogoView?FN=2006\12\1a0967c04951644ac3db68519b7449ab_neo_logo.gif?639064064610000000
11526067,https://file.gamejob.co.kr/net/Corp/CoImage/LogoView?FN=2007\8\GJ_Co_wonlee10.jpg?639173120870000000
11526277,https://file.gamejob.co.kr/net/Corp/CoImage/LogoView?FN=2021\6\GJ_CoLogo_11526277.png?638998447210000000
11526287,https://file.gamejob.co.kr/net/Corp/CoImage/LogoView?FN=2024\2\GJ_CoLogo_11526287.jpg?639173804210000000
11526423,https://file.gamejob.co.kr/net/Corp/CoImage/LogoView?FN=2021\8\GJ_CoLogo_11526423.png?639064016060000000
11526474,https://file.gamejob.co.kr/net/Corp/CoImage/LogoView?FN=2017\12\GJ_Co_greenmp9.JPG?638729719460000000
11526499,https://file.gamejob.co.kr/net/Corp/CoImage/LogoView?FN=2006\12\9bda602250e61f491d82d8b08a461819_logos.jpg?638574411320000000
11526566,https://file.gamejob.co.kr/net/Corp/CoImage/LogoView?FN=2022\6\GJ_CoLogo_11526566.jpg?638550133550000000
11526640,https://file.gamejob.co.kr/net/Corp/CoImage/LogoView?FN=2007\2\GJ_Co_logickorea.jpg?637274725410000000
11526989,https://file.gamejob.co.kr/net/Corp/CoImage/LogoView?FN=2024\6\GJ_CoLogo_11526989.png?638652014000000000
11526996,https://file.gamejob.co.kr/net/Corp/CoImage/LogoView?FN=2017\4\GJ_Co_neosky.gif?638907938470000000
11527360,https://file.gamejob.co.kr/net/Corp/CoImage/LogoView?FN=2016\10\GJ_Co_masangsoft.jpg?638366909260000000
11527454,https://file.gamejob.co.kr/net/Corp/CoImage/LogoView?FN=2016\9\GJ_Co_zepetto.jpg?638968253030000000
11527543,https://file.gamejob.co.kr/net/Corp/CoImage/LogoView?FN=2016\10\GJ_Co_mobirix.jpg?639197136460000000
11527672,https://file.gamejob.co.kr/net/Corp/CoImage/LogoView?FN=2013\8\GJ_Co_nexonhr.jpg?638537985480000000
11527988,https://file.gamejob.co.kr/net/Corp/CoImage/LogoView?FN=2023\7\GJ_CoLogo_11527988.png?638992495510000000
11530287,https://file.gamejob.co.kr/net/Corp/CoImage/LogoView?FN=2020\1\GJ_CoLogo_11530287.png?639167225760000000
11530306,https://file.gamejob.co.kr/net/Corp/CoImage/LogoView?FN=2020\3\GJ_CoLogo_11530306.png?638411130900000000
11530731,https://file.gamejob.co.kr/net/Corp/CoImage/LogoView?FN=2021\12\GJ_CoLogo_11530731.png?639093559510000000
11531388,https://file.gamejob.co.kr/net/Corp/CoImage/LogoView?FN=2025\7\GJ_CoLogo_11531388.png?638894891740000000
11531526,https://file.gamejob.co.kr/net/Corp/CoImage/LogoView?FN=2024\1\GJ_CoLogo_11531526.jpg?639122907050000000
11533035,https://file.gamejob.co.kr/net/Corp/CoImage/LogoView?FN=2023\8\GJ_CoLogo_11533035.png?638961365950000000
11533078,https://file.gamejob.co.kr/net/Corp/CoImage/LogoView?FN=2022\7\GJ_CoLogo_11533078.png?639142947970000000
11533136,https://file.gamejob.co.kr/net/Corp/CoImage/LogoView?FN=2021\3\GJ_CoLogo_11533136.jpg?639202516320000000
11533155,https://file.gamejob.co.kr/net/Corp/CoImage/LogoView?FN=2011\10\GJ_Co_playworks.jpg?639130857190000000
11533173,https://file.gamejob.co.kr/net/Corp/CoImage/LogoView?FN=2013\7\GJ_Co_cogame3465.jpg?638997551870000000
11533291,https://file.gamejob.co.kr/net/Corp/CoImage/LogoView?FN=2022\4\GJ_CoLogo_11533291.png?639209410440000000
11533355,https://file.gamejob.co.kr/net/Corp/CoImage/LogoView?FN=2020\11\GJ_CoLogo_11533355.png?638996604500000000
11533448,https://file.gamejob.co.kr/net/Corp/CoImage/LogoView?FN=2011\3\GJ_Co_andamiro1.jpg?639087388130000000
11533789,https://file.gamejob.co.kr/net/Corp/CoImage/LogoView?FN=2019\12\GJ_CoLogo_11533789.png?639167708210000000
11533981,https://file.gamejob.co.kr/net/Corp/CoImage/LogoView?FN=2026\8\GJ_CoLogo_11533981.png?639222156290000000
11534141,https://file.gamejob.co.kr/net/Corp/CoImage/LogoView?FN=2022\5\GJ_CoLogo_11534141.png?638913031790000000
11534282,https://file.gamejob.co.kr/net/Corp/CoImage/LogoView?FN=2013\6\GJ_Co_playussoft.jpg?639191878800000000
11534378,https://file.gamejob.co.kr/net/Corp/CoImage/LogoView?FN=2021\8\GJ_CoLogo_11534378.PNG?639183481290000000
11534402,https://file.gamejob.co.kr/net/Corp/CoImage/LogoView?FN=2016\4\GJ_Co_n2play.jpg?639148830650000000
11534458,https://file.gamejob.co.kr/net/Corp/CoImage/LogoView?FN=2022\3\GJ_CoLogo_11534458.jpg?639176602630000000
11989853,https://file.gamejob.co.kr/net/Corp/CoImage/LogoView?FN=2012\2\GJ_Co_naddic.jpg?639126267190000000
12595615,https://file.gamejob.co.kr/net/Corp/CoImage/LogoView?FN=2021\2\GJ_CoLogo_12595615.png?639161957120000000
12654065,https://file.gamejob.co.kr/net/Corp/CoImage/LogoView?FN=2014\12\GJ_Co_afewgood1.jpg?638630558400000000
12746385,https://file.gamejob.co.kr/net/Corp/CoImage/LogoView?FN=2021\12\GJ_CoLogo_12746385.jpeg?639059831200000000
13105341,https://file.gamejob.co.kr/net/Corp/CoImage/LogoView?FN=2013\11\GJ_Co_nanali.jpg?639087381740000000
13293190,https://file.gamejob.co.kr/net/Corp/CoImage/LogoView?FN=2024\9\GJ_CoLogo_13293190.png?639227409500000000
13320563,https://file.gamejob.co.kr/net/Corp/CoImage/LogoView?FN=2023\1\GJ_CoLogo_13320563.png?639197603090000000
13322486,https://file.gamejob.co.kr/net/Corp/CoImage/LogoView?FN=2019\1\GJ_Co_bagelcode.jpg?638568253930000000
13386539,https://file.gamejob.co.kr/net/Corp/CoImage/LogoView?FN=2013\5\GJ_Co_phizigi.gif?637862504760000000
13425350,https://file.gamejob.co.kr/net/Corp/CoImage/LogoView?FN=2019\8\GJ_CoLogo_13425350.png?638911972840000000
13468566,https://file.gamejob.co.kr/net/Corp/CoImage/LogoView?FN=2019\7\GJ_CoLogo_13468566.png?637841741490000000
13488254,https://file.gamejob.co.kr/net/Corp/CoImage/LogoView?FN=2022\4\GJ_CoLogo_13488254.png?638749795300000000
13606426,https://file.gamejob.co.kr/net/Corp/CoImage/LogoView?FN=2022\3\GJ_CoLogo_13606426.jpg?638913689970000000
13624547,https://file.gamejob.co.kr/net/Corp/CoImage/LogoView?FN=2020\2\GJ_CoLogo_13624547.jpg?639172010890000000
13729149,https://file.gamejob.co.kr/net/Corp/CoImage/LogoView?FN=2025\3\GJ_CoLogo_13729149.jpg?639231671090000000
14020822,https://file.gamejob.co.kr/net/Corp/CoImage/LogoView?FN=2026\1\GJ_CoLogo_14020822.png?639032124740000000
15157103,https://file.gamejob.co.kr/net/Corp/CoImage/LogoView?FN=2021\1\GJ_CoLogo_15157103.png?638822974650000000
15288258,https://file.gamejob.co.kr/net/Corp/CoImage/LogoView?FN=2022\11\GJ_CoLogo_15288258.png?639100585400000000
15370104,https://file.gamejob.co.kr/net/Corp/CoImage/LogoView?FN=2020\7\GJ_CoLogo_15370104.png?638887026400000000
15704099,https://file.gamejob.co.kr/net/Corp/CoImage/LogoView?FN=2023\10\GJ_CoLogo_15704099.png?639087678030000000
15887930,https://file.gamejob.co.kr/net/Corp/CoImage/LogoView?FN=2014\10\GJ_Co_meerkatgames.jpeg?639232886330000000
16004508,https://file.gamejob.co.kr/net/Corp/CoImage/LogoView?FN=2015\6\GJ_Co_arumgames.jpg?639058042830000000
16381966,https://file.gamejob.co.kr/net/Corp/CoImage/LogoView?FN=2021\8\GJ_CoLogo_16381966.png?639039107290000000
16411061,https://file.gamejob.co.kr/net/Corp/CoImage/LogoView?FN=2021\4\GJ_CoLogo_16411061.png?639228390500000000
16438742,https://file.gamejob.co.kr/net/Corp/CoImage/LogoView?FN=2024\6\GJ_CoLogo_16438742.png?639026189430000000
16557447,https://file.gamejob.co.kr/net/Corp/CoImage/LogoView?FN=2022\3\GJ_CoLogo_16557447.jpg?639089936890000000
17033644,https://file.gamejob.co.kr/net/Corp/CoImage/LogoView?FN=2015\7\GJ_Co_hound13.gif?639221519570000000
17115382,https://file.gamejob.co.kr/net/Corp/CoImage/LogoView?FN=2016\7\GJ_Co_KONGSTUDIOSKOREA.jpg?639231819870000000
17241846,https://file.gamejob.co.kr/net/Corp/CoImage/LogoView?FN=2016\1\GJ_Co_ndream.jpg?638884427530000000
17426022,https://file.gamejob.co.kr/net/Corp/CoImage/LogoView?FN=2017\6\GJ_Co_mr3dpark.jpg?638566661540000000
17482401,https://file.gamejob.co.kr/net/Corp/CoImage/LogoView?FN=2016\3\GJ_Co_xogames.gif?639214656850000000
17949048,https://file.gamejob.co.kr/net/Corp/CoImage/LogoView?FN=2021\9\GJ_CoLogo_17949048.jpg?638826497490000000
18140850,https://file.gamejob.co.kr/net/Corp/CoImage/LogoView?FN=2026\1\GJ_CoLogo_18140850.png?639029622750000000
18208300,https://file.gamejob.co.kr/net/Corp/CoImage/LogoView?FN=2024\2\GJ_CoLogo_18208300.png?639231893100000000
18216698,https://file.gamejob.co.kr/net/Corp/CoImage/LogoView?FN=2024\7\GJ_CoLogo_18216698.png?638996643070000000
18234272,https://file.gamejob.co.kr/net/Corp/CoImage/LogoView?FN=2025\3\GJ_CoLogo_18234272.png?639035553090000000
18244012,https://file.gamejob.co.kr/net/Corp/CoImage/LogoView?FN=2017\8\GJ_Co_jobetoylab.JPG?639093641220000000
18270465,https://file.gamejob.co.kr/net/Corp/CoImage/LogoView?FN=2024\11\GJ_CoLogo_18270465.png?639064820200000000
18413128,https://file.gamejob.co.kr/net/Corp/CoImage/LogoView?FN=2016\6\GJ_Co_neostreamldi.jpg?639167777680000000
18443172,https://file.gamejob.co.kr/net/Corp/CoImage/LogoView?FN=2018\12\GJ_Co_playhard.jpg?639234254770000000
18632100,https://file.gamejob.co.kr/net/Corp/CoImage/LogoView?FN=2021\3\GJ_CoLogo_18632100.png?638859405400000000
18771068,https://file.gamejob.co.kr/net/Corp/CoImage/LogoView?FN=2018\6\GJ_Co_gamedex.jpg?638902525310000000
19079176,https://file.gamejob.co.kr/net/Corp/CoImage/LogoView?FN=2016\9\GJ_Co_superplanet.jpg?639117793680000000
19209414,https://file.gamejob.co.kr/net/Corp/CoImage/LogoView?FN=2023\7\GJ_CoLogo_19209414.jpg?638615949280000000
20388423,https://file.gamejob.co.kr/net/Corp/CoImage/LogoView?FN=2017\2\GJ_Co_yhdatabase.jpg?639215512630000000
20978266,https://file.gamejob.co.kr/net/Corp/CoImage/LogoView?FN=2025\9\GJ_CoLogo_20978266.png?639207709370000000
21345387,https://file.gamejob.co.kr/net/Corp/CoImage/LogoView?FN=2023\11\GJ_CoLogo_21345387.png?639149724200000000
21560497,https://file.gamejob.co.kr/net/Corp/CoImage/LogoView?FN=2022\3\GJ_CoLogo_21560497.jpg?638984564320000000
21966143,https://file.gamejob.co.kr/net/Corp/CoImage/LogoView?FN=2021\11\GJ_CoLogo_21966143.jpg?639159240770000000
22052046,https://file.gamejob.co.kr/net/Corp/CoImage/LogoView?FN=2019\7\GJ_CoLogo_22052046.png?639231644240000000
22209089,https://file.gamejob.co.kr/net/Corp/CoImage/LogoView?FN=2023\2\GJ_CoLogo_22209089.png?639186032490000000
22302337,https://file.gamejob.co.kr/net/Corp/CoImage/LogoView?FN=2026\3\GJ_CoLogo_22302337.png?639084112890000000
22367647,https://file.gamejob.co.kr/net/Corp/CoImage/LogoView?FN=2019\11\GJ_CoLogo_22367647.png?639222145790000000
22675361,https://file.gamejob.co.kr/net/Corp/CoImage/LogoView?FN=2019\10\GJ_CoLogo_22675361.png?638663150660000000
22707922,https://file.gamejob.co.kr/net/Corp/CoImage/LogoView?FN=2018\1\GJ_Co_nurimaru2.jpg?638404923290000000
22777863,https://file.gamejob.co.kr/net/Corp/CoImage/LogoView?FN=2026\1\GJ_CoLogo_22777863.png?639046954260000000
23867666,https://file.gamejob.co.kr/net/Corp/CoImage/LogoView?FN=2019\5\GJ_Co_dreamidea.jpg?638810907150000000
23947670,https://file.gamejob.co.kr/net/Corp/CoImage/LogoView?FN=2026\1\GJ_CoLogo_23947670.png?639035719800000000
24244566,https://file.gamejob.co.kr/net/Corp/CoImage/LogoView?FN=2020\1\GJ_CoLogo_24244566.png?639226525110000000
24477589,https://file.gamejob.co.kr/net/Corp/CoImage/LogoView?FN=2021\5\GJ_CoLogo_24477589.png?639184358180000000
24913033,https://file.gamejob.co.kr/net/Corp/CoImage/LogoView?FN=2023\5\GJ_CoLogo_24913033.png?639062529400000000
25156326,https://file.gamejob.co.kr/net/Corp/CoImage/LogoView?FN=2020\5\GJ_CoLogo_25156326.jpg?638157042480000000
25479421,https://file.gamejob.co.kr/net/Corp/CoImage/LogoView?FN=2018\9\GJ_Co_motif2018.jpg?639228219530000000
25640518,https://file.gamejob.co.kr/net/Corp/CoImage/LogoView?FN=2018\10\GJ_Co_sbsedu121.jpg?638512985550000000
25672236,https://file.gamejob.co.kr/net/Corp/CoImage/LogoView?FN=2024\5\GJ_CoLogo_25672236.png?639221305190000000
25767582,https://file.gamejob.co.kr/net/Corp/CoImage/LogoView?FN=2022\6\GJ_CoLogo_25767582.jpg?639178068190000000
26070227,https://file.gamejob.co.kr/net/Corp/CoImage/LogoView?FN=2023\5\GJ_CoLogo_26070227.png?639149607180000000
26126626,https://file.gamejob.co.kr/net/Corp/CoImage/LogoView?FN=2023\3\GJ_CoLogo_26126626.jpg?638157924260000000
26350588,https://file.gamejob.co.kr/net/Corp/CoImage/LogoView?FN=2026\7\GJ_CoLogo_26350588.png?639203277460000000
26392535,https://file.gamejob.co.kr/net/Corp/CoImage/LogoView?FN=2021\8\GJ_CoLogo_26392535.png?638519771870000000
26465521,https://file.gamejob.co.kr/net/Corp/CoImage/LogoView?FN=2021\5\GJ_CoLogo_26465521.png?638604614510000000
26552378,https://file.gamejob.co.kr/net/Corp/CoImage/LogoView?FN=2022\6\GJ_CoLogo_26552378.jpg?639056461360000000
26933113,https://file.gamejob.co.kr/net/Corp/CoImage/LogoView?FN=2019\1\GJ_Co_mouseduckjob.jpg?638693231220000000
27128192,https://file.gamejob.co.kr/net/Corp/CoImage/LogoView?FN=2023\3\GJ_CoLogo_27128192.jpg?639077255820000000
27153410,https://file.gamejob.co.kr/net/Corp/CoImage/LogoView?FN=2019\2\GJ_Co_lion0510.jpg?638997552230000000
27199606,https://file.gamejob.co.kr/net/Corp/CoImage/LogoView?FN=2025\2\GJ_CoLogo_27199606.png?639159157580000000
27410251,https://file.gamejob.co.kr/net/Corp/CoImage/LogoView?FN=2019\3\GJ_Co_imcgames2.jpg?638862743160000000
27469986,https://file.gamejob.co.kr/net/Corp/CoImage/LogoView?FN=2022\3\GJ_CoLogo_27469986.png?639176603650000000
27582171,https://file.gamejob.co.kr/net/Corp/CoImage/LogoView?FN=2025\4\GJ_CoLogo_27582171.png?639237964170000000
28124259,https://file.gamejob.co.kr/net/Corp/CoImage/LogoView?FN=2024\3\GJ_CoLogo_28124259.jpg?639197328290000000
29208655,https://file.gamejob.co.kr/net/Corp/CoImage/LogoView?FN=2023\5\GJ_CoLogo_29208655.jpg?638935364080000000
29523920,https://file.gamejob.co.kr/net/Corp/CoImage/LogoView?FN=2021\4\GJ_CoLogo_29523920.jpg?639214407430000000
29576203,https://file.gamejob.co.kr/net/Corp/CoImage/LogoView?FN=2022\6\GJ_CoLogo_29576203.png?639017399630000000
30332460,https://file.gamejob.co.kr/net/Corp/CoImage/LogoView?FN=2020\1\GJ_CoLogo_30332460.png?638767747060000000
30407882,https://file.gamejob.co.kr/net/Corp/CoImage/LogoView?FN=2025\6\GJ_CoLogo_30407882.png?639087631970000000
30459165,https://file.gamejob.co.kr/net/Corp/CoImage/LogoView?FN=2022\9\GJ_CoLogo_30459165.png?639167720840000000
30537999,https://file.gamejob.co.kr/net/Corp/CoImage/LogoView?FN=2024\11\GJ_CoLogo_30537999.png?638702912070000000
30827613,https://file.gamejob.co.kr/net/Corp/CoImage/LogoView?FN=2020\10\GJ_CoLogo_30827613.png?639166205540000000
30836321,https://file.gamejob.co.kr/net/Corp/CoImage/LogoView?FN=2020\4\GJ_CoLogo_30836321.png?639075376250000000
30881919,https://file.gamejob.co.kr/net/Corp/CoImage/LogoView?FN=2022\5\GJ_CoLogo_30881919.png?638387517630000000
31012116,https://file.gamejob.co.kr/net/Corp/CoImage/LogoView?FN=2020\4\GJ_CoLogo_31012116.PNG?638555337210000000
31127027,https://file.gamejob.co.kr/net/Corp/CoImage/LogoView?FN=2022\7\GJ_CoLogo_31127027.jpg?639217134640000000
31315722,https://file.gamejob.co.kr/net/Corp/CoImage/LogoView?FN=2022\3\GJ_CoLogo_31315722.png?638995094250000000
31493916,https://file.gamejob.co.kr/net/Corp/CoImage/LogoView?FN=2022\12\GJ_CoLogo_31493916.png?638767216690000000
31662837,https://file.gamejob.co.kr/net/Corp/CoImage/LogoView?FN=2020\6\GJ_CoLogo_31662837.jpg?639021926190000000
31751066,https://file.gamejob.co.kr/net/Corp/CoImage/LogoView?FN=2020\7\GJ_CoLogo_31751066.png?639148664360000000
31949410,https://file.gamejob.co.kr/net/Corp/CoImage/LogoView?FN=2020\7\GJ_CoLogo_31949410.jpg?638350398030000000
31995017,https://file.gamejob.co.kr/net/Corp/CoImage/LogoView?FN=2020\11\GJ_CoLogo_31995017.png?639124453420000000
32211259,https://file.gamejob.co.kr/net/Corp/CoImage/LogoView?FN=2020\9\GJ_CoLogo_32211259.JPG?638977656600000000
32318163,https://file.gamejob.co.kr/net/Corp/CoImage/LogoView?FN=2020\9\GJ_CoLogo_32318163.jpg?639223211980000000
32458941,https://file.gamejob.co.kr/net/Corp/CoImage/LogoView?FN=2020\10\GJ_CoLogo_32458941.png?639065040660000000
32523195,https://file.gamejob.co.kr/net/Corp/CoImage/LogoView?FN=2022\5\GJ_CoLogo_32523195.png?638290941060000000
32543335,https://file.gamejob.co.kr/net/Corp/CoImage/LogoView?FN=2022\5\GJ_CoLogo_32543335.PNG?639057269250000000
32636212,https://file.gamejob.co.kr/net/Corp/CoImage/LogoView?FN=2026\4\GJ_CoLogo_32636212.png?639116881870000000
32698738,https://file.gamejob.co.kr/net/Corp/CoImage/LogoView?FN=2024\4\GJ_CoLogo_32698738.jpg?639112456810000000
32701342,https://file.gamejob.co.kr/net/Corp/CoImage/LogoView?FN=2024\3\GJ_CoLogo_32701342.png?638854211250000000
32754336,https://file.gamejob.co.kr/net/Corp/CoImage/LogoView?FN=2021\6\GJ_CoLogo_32754336.png?639123664400000000
33187703,https://file.gamejob.co.kr/net/Corp/CoImage/LogoView?FN=2020\12\GJ_CoLogo_33187703.png?638689992290000000
33243514,https://file.gamejob.co.kr/net/Corp/CoImage/LogoView?FN=2024\4\GJ_CoLogo_33243514.png?638609674610000000
33563803,https://file.gamejob.co.kr/net/Corp/CoImage/LogoView?FN=2021\1\GJ_CoLogo_33563803.png?638905077200000000
33649396,https://file.gamejob.co.kr/net/Corp/CoImage/LogoView?FN=2021\2\GJ_CoLogo_33649396.jpg?639205141650000000
33892496,https://file.gamejob.co.kr/net/Corp/CoImage/LogoView?FN=2021\2\GJ_CoLogo_33892496.png?639222288920000000
34012768,https://file.gamejob.co.kr/net/Corp/CoImage/LogoView?FN=2021\3\GJ_CoLogo_34012768.jpg?639106445030000000
34482342,https://file.gamejob.co.kr/net/Corp/CoImage/LogoView?FN=2022\5\GJ_CoLogo_34482342.png?639203892260000000
34519447,https://file.gamejob.co.kr/net/Corp/CoImage/LogoView?FN=2024\12\GJ_CoLogo_34519447.jpg?638993337130000000
34530939,https://file.gamejob.co.kr/net/Corp/CoImage/LogoView?FN=2022\10\GJ_CoLogo_34530939.jpg?638966579130000000
34583212,https://file.gamejob.co.kr/net/Corp/CoImage/LogoView?FN=2026\4\GJ_CoLogo_34583212.png?639234431990000000
34586425,https://file.gamejob.co.kr/net/Corp/CoImage/LogoView?FN=2025\7\GJ_CoLogo_34586425.png?638889844070000000
34960030,https://file.gamejob.co.kr/net/Corp/CoImage/LogoView?FN=2021\11\GJ_CoLogo_34960030.jpg?638876592890000000
35028996,https://file.gamejob.co.kr/net/Corp/CoImage/LogoView?FN=2022\3\GJ_CoLogo_35028996.png?639208334340000000
35059669,https://file.gamejob.co.kr/net/Corp/CoImage/LogoView?FN=2021\7\GJ_CoLogo_35059669.PNG?639177373620000000
35137891,https://file.gamejob.co.kr/net/Corp/CoImage/LogoView?FN=2025\5\GJ_CoLogo_35137891.png?639146962300000000
35190605,https://file.gamejob.co.kr/net/Corp/CoImage/LogoView?FN=2022\3\GJ_CoLogo_35190605.png?639193005700000000
35234551,https://file.gamejob.co.kr/net/Corp/CoImage/LogoView?FN=2024\11\GJ_CoLogo_35234551.png?639197088220000000
35256454,https://file.gamejob.co.kr/net/Corp/CoImage/LogoView?FN=2021\8\GJ_CoLogo_35256454.png?639235316660000000
35265550,https://file.gamejob.co.kr/net/Corp/CoImage/LogoView?FN=2023\2\GJ_CoLogo_35265550.png?639226709280000000
35420506,https://file.gamejob.co.kr/net/Corp/CoImage/LogoView?FN=2024\6\GJ_CoLogo_35420506.png?638975354580000000
35542803,https://file.gamejob.co.kr/net/Corp/CoImage/LogoView?FN=2021\9\GJ_CoLogo_35542803.png?639004803290000000
35679234,https://file.gamejob.co.kr/net/Corp/CoImage/LogoView?FN=2021\10\GJ_CoLogo_35679234.png?639215395170000000
35750294,https://file.gamejob.co.kr/net/Corp/CoImage/LogoView?FN=2021\11\GJ_CoLogo_35750294.jpg?639235141640000000
36068909,https://file.gamejob.co.kr/net/Corp/CoImage/LogoView?FN=2024\8\GJ_CoLogo_36068909.png?639198670380000000
36189991,https://file.gamejob.co.kr/net/Corp/CoImage/LogoView?FN=2023\6\GJ_CoLogo_36189991.jpg?639093526590000000
36280457,https://file.gamejob.co.kr/net/Corp/CoImage/LogoView?FN=2022\3\GJ_CoLogo_36280457.png?639202376130000000
36329506,https://file.gamejob.co.kr/net/Corp/CoImage/LogoView?FN=2022\4\GJ_CoLogo_36329506.png?639167033320000000
36376493,https://file.gamejob.co.kr/net/Corp/CoImage/LogoView?FN=2026\7\GJ_CoLogo_36376493.png?639208478630000000
36420824,https://file.gamejob.co.kr/net/Corp/CoImage/LogoView?FN=2025\8\GJ_CoLogo_36420824.png?639168039730000000
36460597,https://file.gamejob.co.kr/net/Corp/CoImage/LogoView?FN=2022\11\GJ_CoLogo_36460597.png?639101371820000000
36467873,https://file.gamejob.co.kr/net/Corp/CoImage/LogoView?FN=2022\1\GJ_CoLogo_36467873.png?639168672420000000
36534734,https://file.gamejob.co.kr/net/Corp/CoImage/LogoView?FN=2022\1\GJ_CoLogo_36534734.png?638811209170000000
36674893,https://file.gamejob.co.kr/net/Corp/CoImage/LogoView?FN=2022\2\GJ_CoLogo_36674893.png?639147854180000000
36795968,https://file.gamejob.co.kr/net/Corp/CoImage/LogoView?FN=2022\4\GJ_CoLogo_36795968.png?637904788860000000
36871058,https://file.gamejob.co.kr/net/Corp/CoImage/LogoView?FN=2022\12\GJ_CoLogo_36871058.jpg?639214393500000000
37060111,https://file.gamejob.co.kr/net/Corp/CoImage/LogoView?FN=2023\7\GJ_CoLogo_37060111.png?639201541680000000
37080291,https://file.gamejob.co.kr/net/Corp/CoImage/LogoView?FN=2024\11\GJ_CoLogo_37080291.png?639096129740000000
37110366,https://file.gamejob.co.kr/net/Corp/CoImage/LogoView?FN=2025\1\GJ_CoLogo_37110366.png?639064248820000000
37626343,https://file.gamejob.co.kr/net/Corp/CoImage/LogoView?FN=2026\8\GJ_CoLogo_37626343.png?639215425290000000
37830051,https://file.gamejob.co.kr/net/Corp/CoImage/LogoView?FN=2025\3\GJ_CoLogo_37830051.png?638779050150000000
37993507,https://file.gamejob.co.kr/net/Corp/CoImage/LogoView?FN=2023\6\GJ_CoLogo_37993507.jpeg?639105712820000000
38392363,https://file.gamejob.co.kr/net/Corp/CoImage/LogoView?FN=2022\9\GJ_CoLogo_38392363.png?639084126640000000
38509979,https://file.gamejob.co.kr/net/Corp/CoImage/LogoView?FN=2023\4\GJ_CoLogo_38509979.png?638629664160000000
38579815,https://file.gamejob.co.kr/net/Corp/CoImage/LogoView?FN=2022\10\GJ_CoLogo_38579815.png?639208541670000000
38748785,https://file.gamejob.co.kr/net/Corp/CoImage/LogoView?FN=2026\6\GJ_CoLogo_38748785.png?639159968800000000
39082809,https://file.gamejob.co.kr/net/Corp/CoImage/LogoView?FN=2024\5\GJ_CoLogo_39082809.png?639189542550000000
39705718,https://file.gamejob.co.kr/net/Corp/CoImage/LogoView?FN=2024\3\GJ_CoLogo_39705718.png?638994356590000000
39805772,https://file.gamejob.co.kr/net/Corp/CoImage/LogoView?FN=2025\4\GJ_CoLogo_39805772.jpg?638810163940000000
39899279,https://file.gamejob.co.kr/net/Corp/CoImage/LogoView?FN=2024\6\GJ_CoLogo_39899279.png?639183259340000000
39901184,https://file.gamejob.co.kr/net/Corp/CoImage/LogoView?FN=2023\2\GJ_CoLogo_39901184.png?639195567550000000
40669427,https://file.gamejob.co.kr/net/Corp/CoImage/LogoView?FN=2023\5\GJ_CoLogo_40669427.png?638842072600000000
40675875,https://file.gamejob.co.kr/net/Corp/CoImage/LogoView?FN=2023\5\GJ_CoLogo_40675875.jpg?639088694200000000
41111412,https://file.gamejob.co.kr/net/Corp/CoImage/LogoView?FN=2023\6\GJ_CoLogo_41111412.png?638974324810000000
41235529,https://file.gamejob.co.kr/net/Corp/CoImage/LogoView?FN=2024\3\GJ_CoLogo_41235529.png?639237894270000000
41256522,https://file.gamejob.co.kr/net/Corp/CoImage/LogoView?FN=2023\7\GJ_CoLogo_41256522.png?639167071830000000
41277906,https://file.gamejob.co.kr/net/Corp/CoImage/LogoView?FN=2024\7\GJ_CoLogo_41277906.jpg?639106613570000000
41427038,https://file.gamejob.co.kr/net/Corp/CoImage/LogoView?FN=2025\3\GJ_CoLogo_41427038.png?639221336990000000
41905936,https://file.gamejob.co.kr/net/Corp/CoImage/LogoView?FN=2026\8\GJ_CoLogo_41905936.png?639219915790000000
41909341,https://file.gamejob.co.kr/net/Corp/CoImage/LogoView?FN=2026\3\GJ_CoLogo_41909341.png?639092639420000000
42212685,https://file.gamejob.co.kr/net/Corp/CoImage/LogoView?FN=2023\10\GJ_CoLogo_42212685.png?638969022280000000
42250798,https://file.gamejob.co.kr/net/Corp/CoImage/LogoView?FN=2023\11\GJ_CoLogo_42250798.png?639237742150000000
42515868,https://file.gamejob.co.kr/net/Corp/CoImage/LogoView?FN=2024\8\GJ_CoLogo_42515868.png?639235219450000000
42578192,https://file.gamejob.co.kr/net/Corp/CoImage/LogoView?FN=2024\9\GJ_CoLogo_42578192.png?638945967230000000
42858458,https://file.gamejob.co.kr/net/Corp/CoImage/LogoView?FN=2024\1\GJ_CoLogo_42858458.jpg?639180163000000000
42937996,https://file.gamejob.co.kr/net/Corp/CoImage/LogoView?FN=2025\10\GJ_CoLogo_42937996.png?639106433620000000
43046575,https://file.gamejob.co.kr/net/Corp/CoImage/LogoView?FN=2024\1\GJ_CoLogo_43046575.png?638677845110000000
43196783,https://file.gamejob.co.kr/net/Corp/CoImage/LogoView?FN=2024\1\GJ_CoLogo_43196783.jpg?639129883480000000
43358819,https://file.gamejob.co.kr/net/Corp/CoImage/LogoView?FN=2024\3\GJ_CoLogo_43358819.png?639184445850000000
43515135,https://file.gamejob.co.kr/net/Corp/CoImage/LogoView?FN=2024\2\GJ_CoLogo_43515135.png?639208547300000000
43575496,https://file.gamejob.co.kr/net/Corp/CoImage/LogoView?FN=2024\4\GJ_CoLogo_43575496.png?639237816860000000
43578584,https://file.gamejob.co.kr/net/Corp/CoImage/LogoView?FN=2024\4\GJ_CoLogo_43578584.png?639189582690000000
43644904,https://file.gamejob.co.kr/net/Corp/CoImage/LogoView?FN=2024\6\GJ_CoLogo_43644904.png?639034904430000000
43834799,https://file.gamejob.co.kr/net/Corp/CoImage/LogoView?FN=2024\3\GJ_CoLogo_43834799.png?639142699500000000
43968437,https://file.gamejob.co.kr/net/Corp/CoImage/LogoView?FN=2024\4\GJ_CoLogo_43968437.jpg?638810243080000000
44147455,https://file.gamejob.co.kr/net/Corp/CoImage/LogoView?FN=2024\5\GJ_CoLogo_44147455.jpg?638902526250000000
44238355,https://file.gamejob.co.kr/net/Corp/CoImage/LogoView?FN=2025\9\GJ_CoLogo_44238355.png?639102087150000000
44380258,https://file.gamejob.co.kr/net/Corp/CoImage/LogoView?FN=2024\6\GJ_CoLogo_44380258.png?639237815660000000
44438003,https://file.gamejob.co.kr/net/Corp/CoImage/LogoView?FN=2024\8\GJ_CoLogo_44438003.png?639207724800000000
44483607,https://file.gamejob.co.kr/net/Corp/CoImage/LogoView?FN=2024\8\GJ_CoLogo_44483607.png?639146293120000000
44514685,https://file.gamejob.co.kr/net/Corp/CoImage/LogoView?FN=2024\6\GJ_CoLogo_44514685.png?638703311060000000
44714425,https://file.gamejob.co.kr/net/Corp/CoImage/LogoView?FN=2025\1\GJ_CoLogo_44714425.png?639064074730000000
44806162,https://file.gamejob.co.kr/net/Corp/CoImage/LogoView?FN=2024\8\GJ_CoLogo_44806162.PNG?638586392250000000
44970375,https://file.gamejob.co.kr/net/Corp/CoImage/LogoView?FN=2024\8\GJ_CoLogo_44970375.png?639235275810000000
45016144,https://file.gamejob.co.kr/net/Corp/CoImage/LogoView?FN=2024\8\GJ_CoLogo_45016144.png?638792072310000000
45065731,https://file.gamejob.co.kr/net/Corp/CoImage/LogoView?FN=2025\8\GJ_CoLogo_45065731.png?639122980970000000
45083125,https://file.gamejob.co.kr/net/Corp/CoImage/LogoView?FN=2024\9\GJ_CoLogo_45083125.png?639093707590000000
45558847,https://file.gamejob.co.kr/net/Corp/CoImage/LogoView?FN=2026\8\GJ_CoLogo_45558847.jpg?639229386210000000
45574683,https://file.gamejob.co.kr/net/Corp/CoImage/LogoView?FN=2024\10\GJ_CoLogo_45574683.png?638647998570000000
45580138,https://file.gamejob.co.kr/net/Corp/CoImage/LogoView?FN=2025\11\GJ_CoLogo_45580138.jpg?638997551760000000
45766103,https://file.gamejob.co.kr/net/Corp/CoImage/LogoView?FN=2024\11\GJ_CoLogo_45766103.png?639210308180000000
45826696,https://file.gamejob.co.kr/net/Corp/CoImage/LogoView?FN=2025\11\GJ_CoLogo_45826696.png?639166551660000000
45831580,https://file.gamejob.co.kr/net/Corp/CoImage/LogoView?FN=2024\11\GJ_CoLogo_45831580.png?639052144030000000
45873305,https://file.gamejob.co.kr/net/Corp/CoImage/LogoView?FN=2026\5\GJ_CoLogo_45873305.jpg?639221433350000000
45937596,https://file.gamejob.co.kr/net/Corp/CoImage/LogoView?FN=2025\5\GJ_CoLogo_45937596.png?639234510760000000
45949900,https://file.gamejob.co.kr/net/Corp/CoImage/LogoView?FN=2024\12\GJ_CoLogo_45949900.png?639228410550000000
45960378,https://file.gamejob.co.kr/net/Corp/CoImage/LogoView?FN=2026\8\GJ_CoLogo_45960378.png?639228277100000000
46185001,https://file.gamejob.co.kr/net/Corp/CoImage/LogoView?FN=2024\12\GJ_CoLogo_46185001.png?639146977280000000
46312306,https://file.gamejob.co.kr/net/Corp/CoImage/LogoView?FN=2025\9\GJ_CoLogo_46312306.png?638989696420000000
46407077,https://file.gamejob.co.kr/net/Corp/CoImage/LogoView?FN=2025\4\GJ_CoLogo_46407077.png?638817153140000000
46512987,https://file.gamejob.co.kr/net/Corp/CoImage/LogoView?FN=2026\4\GJ_CoLogo_46512987.png?639209410590000000
46534341,https://file.gamejob.co.kr/net/Corp/CoImage/LogoView?FN=2025\1\GJ_CoLogo_46534341.jpg?639126411220000000
46666430,https://file.gamejob.co.kr/net/Corp/CoImage/LogoView?FN=2025\5\GJ_CoLogo_46666430.png?639183283980000000
46707147,https://file.gamejob.co.kr/net/Corp/CoImage/LogoView?FN=2026\6\GJ_CoLogo_46707147.png?639226934880000000
47018134,https://file.gamejob.co.kr/net/Corp/CoImage/LogoView?FN=2025\2\GJ_CoLogo_47018134.png?638985762910000000
47064232,https://file.gamejob.co.kr/net/Corp/CoImage/LogoView?FN=2025\11\GJ_CoLogo_47064232.png?639210282710000000
47065855,https://file.gamejob.co.kr/net/Corp/CoImage/LogoView?FN=2025\5\GJ_CoLogo_47065855.png?638826861620000000
47128753,https://file.gamejob.co.kr/net/Corp/CoImage/LogoView?FN=2025\3\GJ_CoLogo_47128753.png?638991595010000000
47139646,https://file.gamejob.co.kr/net/Corp/CoImage/LogoView?FN=2025\3\GJ_CoLogo_47139646.jpg?639114399650000000
47360635,https://file.gamejob.co.kr/net/Corp/CoImage/LogoView?FN=2025\4\GJ_CoLogo_47360635.png?639110791250000000
47441084,https://file.gamejob.co.kr/net/Corp/CoImage/LogoView?FN=2025\10\GJ_CoLogo_47441084.png?639209324260000000
47463122,https://file.gamejob.co.kr/net/Corp/CoImage/LogoView?FN=2025\4\GJ_CoLogo_47463122.jpg?638815311950000000
47511100,https://file.gamejob.co.kr/net/Corp/CoImage/LogoView?FN=2026\3\GJ_CoLogo_47511100.png?639232772910000000
47522931,https://file.gamejob.co.kr/net/Corp/CoImage/LogoView?FN=2025\4\GJ_CoLogo_47522931.png?639201419520000000
47594488,https://file.gamejob.co.kr/net/Corp/CoImage/LogoView?FN=2025\5\GJ_CoLogo_47594488.jpg?638838659930000000
47792997,https://file.gamejob.co.kr/net/Corp/CoImage/LogoView?FN=2026\8\GJ_CoLogo_47792997.png?639231789170000000
47931801,https://file.gamejob.co.kr/net/Corp/CoImage/LogoView?FN=2025\5\GJ_CoLogo_47931801.png?638834484460000000
48033767,https://file.gamejob.co.kr/net/Corp/CoImage/LogoView?FN=2025\10\GJ_CoLogo_48033767.png?639197104990000000
48133794,https://file.gamejob.co.kr/net/Corp/CoImage/LogoView?FN=2025\6\GJ_CoLogo_48133794.png?639088315530000000
48149208,https://file.gamejob.co.kr/net/Corp/CoImage/LogoView?FN=2026\8\GJ_CoLogo_48149208.png?639213646640000000
48467573,https://file.gamejob.co.kr/net/Corp/CoImage/LogoView?FN=2025\9\GJ_CoLogo_48467573.jpg?638936405540000000
48584974,https://file.gamejob.co.kr/net/Corp/CoImage/LogoView?FN=2026\3\GJ_CoLogo_48584974.png?639190293410000000
48600636,https://file.gamejob.co.kr/net/Corp/CoImage/LogoView?FN=2025\8\GJ_CoLogo_48600636.jpg?639226535590000000
48602702,https://file.gamejob.co.kr/net/Corp/CoImage/LogoView?FN=2025\7\GJ_CoLogo_48602702.png?638893132190000000
48659344,https://file.gamejob.co.kr/net/Corp/CoImage/LogoView?FN=2026\5\GJ_CoLogo_48659344.png?639178987540000000
48744104,https://file.gamejob.co.kr/net/Corp/CoImage/LogoView?FN=2025\9\GJ_CoLogo_48744104.jpg?639156732400000000
48781187,https://file.gamejob.co.kr/net/Corp/CoImage/LogoView?FN=2025\8\GJ_CoLogo_48781187.png?639114337370000000
48892426,https://file.gamejob.co.kr/net/Corp/CoImage/LogoView?FN=2025\8\GJ_CoLogo_48892426.png?638916798360000000
48897509,https://file.gamejob.co.kr/net/Corp/CoImage/LogoView?FN=2026\2\GJ_CoLogo_48897509.png?639229419050000000
48944643,https://file.gamejob.co.kr/net/Corp/CoImage/LogoView?FN=2025\9\GJ_CoLogo_48944643.png?639165274730000000
49138865,https://file.gamejob.co.kr/net/Corp/CoImage/LogoView?FN=2025\9\GJ_CoLogo_49138865.png?639075413450000000
49519308,https://file.gamejob.co.kr/net/Corp/CoImage/LogoView?FN=2026\4\GJ_CoLogo_49519308.png?639144457450000000
49563839,https://file.gamejob.co.kr/net/Corp/CoImage/LogoView?FN=2025\12\GJ_CoLogo_49563839.jpg?639215421640000000
49691675,https://file.gamejob.co.kr/net/Corp/CoImage/LogoView?FN=2026\3\GJ_CoLogo_49691675.png?639183294020000000
49738515,https://file.gamejob.co.kr/net/Corp/CoImage/LogoView?FN=2025\11\GJ_CoLogo_49738515.png?638998502410000000
49943920,https://file.gamejob.co.kr/net/Corp/CoImage/LogoView?FN=2026\3\GJ_CoLogo_49943920.png?639155843220000000
50007502,https://file.gamejob.co.kr/net/Corp/CoImage/LogoView?FN=2026\4\GJ_CoLogo_50007502.png?639192166210000000
50199312,https://file.gamejob.co.kr/net/Corp/CoImage/LogoView?FN=2026\6\GJ_CoLogo_50199312.png?639174177920000000
50204664,https://file.gamejob.co.kr/net/Corp/CoImage/LogoView?FN=2026\6\GJ_CoLogo_50204664.jpg?639179117090000000
50269956,https://file.gamejob.co.kr/net/Corp/CoImage/LogoView?FN=2026\7\GJ_CoLogo_50269956.png?639198155240000000
50279419,https://file.gamejob.co.kr/net/Corp/CoImage/LogoView?FN=2026\8\GJ_CoLogo_50279419.jpg?639223274010000000
50379121,https://file.gamejob.co.kr/net/Corp/CoImage/LogoView?FN=2026\1\GJ_CoLogo_50379121.png?639107265950000000
50502273,https://file.gamejob.co.kr/net/Corp/CoImage/LogoView?FN=2026\2\GJ_CoLogo_50502273.png?639086483920000000
50734158,https://file.gamejob.co.kr/net/Corp/CoImage/LogoView?FN=2026\3\GJ_CoLogo_50734158.png?639195366920000000
50845027,https://file.gamejob.co.kr/net/Corp/CoImage/LogoView?FN=2026\3\GJ_CoLogo_50845027.png?639099518260000000
50881203,https://file.gamejob.co.kr/net/Corp/CoImage/LogoView?FN=2026\4\GJ_CoLogo_50881203.png?639106314980000000
50902947,https://file.gamejob.co.kr/net/Corp/CoImage/LogoView?FN=2026\3\GJ_CoLogo_50902947.png?639098924570000000
50904709,https://file.gamejob.co.kr/net/Corp/CoImage/LogoView?FN=2026\3\GJ_CoLogo_50904709.png?639095142650000000
50907809,https://file.gamejob.co.kr/net/Corp/CoImage/LogoView?FN=2026\3\GJ_CoLogo_50907809.jpg?639094537100000000
50939587,https://file.gamejob.co.kr/net/Corp/CoImage/LogoView?FN=2026\7\GJ_CoLogo_50939587.png?639215366060000000
51073312,https://file.gamejob.co.kr/net/Corp/CoImage/LogoView?FN=2026\6\GJ_CoLogo_51073312.jpg?639161935360000000
51231931,https://file.gamejob.co.kr/net/Corp/CoImage/LogoView?FN=2026\4\GJ_CoLogo_51231931.jpg?639126443530000000
51282866,https://file.gamejob.co.kr/net/Corp/CoImage/LogoView?FN=2026\5\GJ_CoLogo_51282866.png?639166329890000000
51531830,https://file.gamejob.co.kr/net/Corp/CoImage/LogoView?FN=2026\5\GJ_CoLogo_51531830.png?639226529100000000
51551717,https://file.gamejob.co.kr/net/Corp/CoImage/LogoView?FN=2026\5\GJ_CoLogo_51551717.png?639192426180000000
51593173,https://file.gamejob.co.kr/net/Corp/CoImage/LogoView?FN=2026\7\GJ_CoLogo_51593173.jpg?639197314660000000
51607550,https://file.gamejob.co.kr/net/Corp/CoImage/LogoView?FN=2026\6\GJ_CoLogo_51607550.png?639161954740000000
51652451,https://file.gamejob.co.kr/net/Corp/CoImage/LogoView?FN=2026\6\GJ_CoLogo_51652451.jpg?639190389460000000
51662674,https://file.gamejob.co.kr/net/Corp/CoImage/LogoView?FN=2026\6\GJ_CoLogo_51662674.png?639167132780000000
51699009,https://file.gamejob.co.kr/net/Corp/CoImage/LogoView?FN=2026\6\GJ_CoLogo_51699009.png?639178242840000000
51756296,https://file.gamejob.co.kr/net/Corp/CoImage/LogoView?FN=2026\7\GJ_CoLogo_51756296.png?639185942850000000
51773905,https://file.gamejob.co.kr/net/Corp/CoImage/LogoView?FN=2026\6\GJ_CoLogo_51773905.png?639178157380000000
51779643,https://file.gamejob.co.kr/net/Corp/CoImage/LogoView?FN=2026\7\GJ_CoLogo_51779643.png?639219893450000000
51799987,https://file.gamejob.co.kr/net/Corp/CoImage/LogoView?FN=2026\6\GJ_CoLogo_51799987.png?639180866870000000
51830160,https://file.gamejob.co.kr/net/Corp/CoImage/LogoView?FN=2026\6\GJ_CoLogo_51830160.png?639183448440000000
51851423,https://file.gamejob.co.kr/net/Corp/CoImage/LogoView?FN=2026\7\GJ_CoLogo_51851423.png?639198198950000000
51873521,https://file.gamejob.co.kr/net/Corp/CoImage/LogoView?FN=2026\7\GJ_CoLogo_51873521.png?639186884880000000
51879525,https://file.gamejob.co.kr/net/Corp/CoImage/LogoView?FN=2026\7\GJ_CoLogo_51879525.PNG?639186945140000000
51881434,https://file.gamejob.co.kr/net/Corp/CoImage/LogoView?FN=2026\7\GJ_CoLogo_51881434.png?639186874110000000
51971194,https://file.gamejob.co.kr/net/Corp/CoImage/LogoView?FN=2026\7\GJ_CoLogo_51971194.png?639195440930000000
51976811,https://file.gamejob.co.kr/net/Corp/CoImage/LogoView?FN=2026\8\GJ_CoLogo_51976811.png?639233660530000000
52002692,https://file.gamejob.co.kr/net/Corp/CoImage/LogoView?FN=2026\7\GJ_CoLogo_52002692.png?639201545920000000
52104344,https://file.gamejob.co.kr/net/Corp/CoImage/LogoView?FN=2026\7\GJ_CoLogo_52104344.png?639208544890000000
52110553,https://file.gamejob.co.kr/net/Corp/CoImage/LogoView?FN=2026\7\GJ_CoLogo_52110553.png?639228211430000000
52110634,https://file.gamejob.co.kr/net/Corp/CoImage/LogoView?FN=2026\7\GJ_CoLogo_52110634.png?639208488310000000
52163921,https://file.gamejob.co.kr/net/Corp/CoImage/LogoView?FN=2026\8\GJ_CoLogo_52163921.jpg?639219758480000000
52192179,https://file.gamejob.co.kr/net/Corp/CoImage/LogoView?FN=2026\8\GJ_CoLogo_52192179.png?639228351920000000
52194461,https://file.gamejob.co.kr/net/Corp/CoImage/LogoView?FN=2026\8\GJ_CoLogo_52194461.png?639220658170000000
52235233,https://file.gamejob.co.kr/net/Corp/CoImage/LogoView?FN=2026\8\GJ_CoLogo_52235233.jpg?639235349670000000
52299667,https://file.gamejob.co.kr/net/Corp/CoImage/LogoView?FN=2026\8\GJ_CoLogo_52299667.png?639232625700000000
52344115,https://file.gamejob.co.kr/net/Corp/CoImage/LogoView?FN=2026\8\GJ_CoLogo_52344115.jpg?639232143920000000
