company_id,logo_url,ceo_name,founded_year,flagship_games,homepage_url
11524987,,고객센터,2017년,"치즈냥이 키우기, 와글와글 용사단, 용사단 키우기, 레전드 오브 킹덤",
11525178,https://file.gamejob.co.kr/net/Corp/CoImage/LogoView?FN=2020\10\GJ_CoLogo_11525178.jpg?639216974770000000,박현철,2000년,"라그나로크 온라인, 라그나로크M, 라그나로크 오리진",
11525247,https://file.gamejob.co.kr/net/Corp/CoImage/LogoView?FN=2022\11\GJ_CoLogo_11525247.jpg?639213837730000000,"김택진, 박병무",1997년,"리니지, 리니지Ⅱ, AION 등",
11525476,https://file.gamejob.co.kr/net/Corp/CoImage/LogoView?FN=2020\11\GJ_CoLogo_11525476.jpg?639231957000000000,김태영,2000년,"뮤 온라인, R2, 샷온라인, 썬 클래식, 뮤 아크엔젤, 뮤 모나크, 뮤:포켓 나이츠",
11525524,https://file.gamejob.co.kr/net/Corp/CoImage/LogoView?FN=2020\7\GJ_CoLogo_11525524.jpg?638639080290000000,임춘근,2001년,"건바운드, 라키온, 울프팀, 워스토리, 킹덤스토리",
11525585,https://file.gamejob.co.kr/net/Corp/CoImage/LogoView?FN=2019\4\GJ_Co_wehr.jpg?638793756090000000,박관호,2000년,"나이트크로우, 미르4, 미르의 전설 2,3 등",
11525759,https://file.gamejob.co.kr/net/Corp/CoImage/LogoView?FN=2022\4\GJ_CoLogo_11525759.png?639202730720000000,김동성,2002년,"디지몬슈퍼럼블, 디지몬마스터즈, 디지몬RPG, 베어브릭히어로즈",
11525795,https://file.gamejob.co.kr/net/Corp/CoImage/LogoView?FN=2016\10\GJ_Co_sunny.jpg?638961649670000000,김학준,1984년,"로한, 씰M, 씰온라인, ROHAN2, SEAL WHAT THE FUN",
11525887,https://file.gamejob.co.kr/net/Corp/CoImage/LogoView?FN=2020\4\GJ_CoLogo_11525887.png?638798035820000000,김환기,1999년,"ASTROKINGS, ASTRONEST",
11526014,https://file.gamejob.co.kr/net/Corp/CoImage/LogoView?FN=2006\12\1a0967c04951644ac3db68519b7449ab_neo_logo.gif?639064064610000000,윤명진,2001년,"던전앤파이터, 던전앤파이터 모바일, 사이퍼즈, 퍼스트 버서커 : 카잔",
11526067,https://file.gamejob.co.kr/net/Corp/CoImage/LogoView?FN=2007\8\GJ_Co_wonlee10.jpg?639173120870000000,이종원,2000년,"그랜드체이스, 엘소드, 커츠펠",https://www.kog.co.kr
11526277,https://file.gamejob.co.kr/net/Corp/CoImage/LogoView?FN=2021\6\GJ_CoLogo_11526277.png?638998447210000000,김건,2000년,마블퓨처파이트/몬스터길들이기/레이븐/레이븐2 外,
11526287,https://file.gamejob.co.kr/net/Corp/CoImage/LogoView?FN=2024\2\GJ_CoLogo_11526287.jpg?639173804210000000,김현수,2002년,"Flyff, 라펠즈, 프리프 레거시",
11526423,https://file.gamejob.co.kr/net/Corp/CoImage/LogoView?FN=2021\8\GJ_CoLogo_11526423.png?639064016060000000,박원범,2003년,"카르페디엠, 기가슬레이브,나이트에이지,모두의산수팡,조선협객전m,천상비m,메틴m",
11526474,https://file.gamejob.co.kr/net/Corp/CoImage/LogoView?FN=2017\12\GJ_Co_greenmp9.JPG?638729719460000000,오진일,1986년,"Riot Games, SmileGate, Wemade, DaumKakao, Webzen",
11526499,https://file.gamejob.co.kr/net/Corp/CoImage/LogoView?FN=2006\12\9bda602250e61f491d82d8b08a461819_logos.jpg?638574411320000000,김학규,2003년,"그라나도에스파다, 트리오브세이비어",
11526566,https://file.gamejob.co.kr/net/Corp/CoImage/LogoView?FN=2022\6\GJ_CoLogo_11526566.jpg?638550133550000000,남재관,1998년,"서머너즈워, 프로야구시리즈, 낚시의신, 서머너즈워:백년전쟁 등",
11526640,https://file.gamejob.co.kr/net/Corp/CoImage/LogoView?FN=2007\2\GJ_Co_logickorea.jpg?637274725410000000,남택원,1997년,"붉은보석, 붉은보석2, 로도스도 전기 온라인, 거울전쟁 Series",
11526989,https://file.gamejob.co.kr/net/Corp/CoImage/LogoView?FN=2024\6\GJ_CoLogo_11526989.png?638652014000000000,박재숙,2000년,"테일즈런너, 고스트 워, 테일즈런너 RPG",
11526996,https://file.gamejob.co.kr/net/Corp/CoImage/LogoView?FN=2017\4\GJ_Co_neosky.gif?638907938470000000,"김승철, 배태근",2007년,"P의 거짓,고양이와스프,스컬,브라운더스트2,DJMax,A.V.A,피망포커,피망고스톱",
11527360,https://file.gamejob.co.kr/net/Corp/CoImage/LogoView?FN=2016\10\GJ_Co_masangsoft.jpg?638366909260000000,강삼석,2004년,"DK온라인, 에이스온라인, 출조낚시왕, 건즈, 건즈2, 프리스톤테일, 스키드러쉬, 라그하임",
11527454,https://file.gamejob.co.kr/net/Corp/CoImage/LogoView?FN=2016\9\GJ_Co_zepetto.jpg?638968253030000000,김지인,2003년,"포인트 블랭크(FPS), Outlaw(모바일)",
11527543,https://file.gamejob.co.kr/net/Corp/CoImage/LogoView?FN=2016\10\GJ_Co_mobirix.jpg?639197136460000000,임중수,2007년,"블레이드키우기, 발키리히어로키우기, 던전기사키우기, 관우키우기, 벽돌깨기퀘스트 등",
11527672,https://file.gamejob.co.kr/net/Corp/CoImage/LogoView?FN=2013\8\GJ_Co_nexonhr.jpg?638537985480000000,강대현·김정욱,1994년,"메이플스토리, 던전앤파이터, 카트라이더, 마비노기",
11527988,https://file.gamejob.co.kr/net/Corp/CoImage/LogoView?FN=2023\7\GJ_CoLogo_11527988.png?638992495510000000,구오하이빈,1996년,"라테일, 파이널판타지14",
11530287,https://file.gamejob.co.kr/net/Corp/CoImage/LogoView?FN=2020\1\GJ_CoLogo_11530287.png?639167225760000000,유태연,2006년,"하이큐 터치더드림,  탈리온, 쉐도우블러드, 디토랜드",
11530306,https://file.gamejob.co.kr/net/Corp/CoImage/LogoView?FN=2020\3\GJ_CoLogo_11530306.png?638411130900000000,송호진,2005년,강남상어 키우기,
11530731,https://file.gamejob.co.kr/net/Corp/CoImage/LogoView?FN=2021\12\GJ_CoLogo_11530731.png?639093559510000000,이호대,2007년,"로스트소드, 여신의키스, 프리프유니버스, 서먼헌터키우기, 에브리타운, 어비스리움",
11531388,https://file.gamejob.co.kr/net/Corp/CoImage/LogoView?FN=2025\7\GJ_CoLogo_11531388.png?638894891740000000,유휘동,1998년,"FC Online , FIFA Online 3",
11531526,https://file.gamejob.co.kr/net/Corp/CoImage/LogoView?FN=2024\1\GJ_CoLogo_11531526.jpg?639122907050000000,심호규,2008년,천하제일상 거상,
11533035,https://file.gamejob.co.kr/net/Corp/CoImage/LogoView?FN=2023\8\GJ_CoLogo_11533035.png?638961365950000000,신재명,2007년,"블레스언리쉬드, 알투비트, C9, 아틀란티카, 이카루스, 로스트사가, 블랙스쿼드, 컴뱃암즈",
11533078,https://file.gamejob.co.kr/net/Corp/CoImage/LogoView?FN=2022\7\GJ_CoLogo_11533078.png?639142947970000000,박성민,2010년,"포트리스 사가, 무명기사단, 테일드 데몬 슬레이어 라이즈, 써니하우스, 조이스저니 등",
11533136,https://file.gamejob.co.kr/net/Corp/CoImage/LogoView?FN=2021\3\GJ_CoLogo_11533136.jpg?639202516320000000,배수정,2009년,"보이드 다이버(개발중), 레전드 오브 슬라임, 체인소 주스 킹, 크루세이더 퀘스트 등",
11533155,https://file.gamejob.co.kr/net/Corp/CoImage/LogoView?FN=2011\10\GJ_Co_playworks.jpg?639130857190000000,김광열,2007년,"다크에덴M, 미르의전설2 기연, 천상비K",
11533173,https://file.gamejob.co.kr/net/Corp/CoImage/LogoView?FN=2013\7\GJ_Co_cogame3465.jpg?638997551870000000,김성용,2005년,데카론/모바일게임,
11533291,https://file.gamejob.co.kr/net/Corp/CoImage/LogoView?FN=2022\4\GJ_CoLogo_11533291.png?639209410440000000,우상준,2009년,"애니팡 시리즈, 디즈니 팝 타운, 위 베어 베어스 더 퍼즐",
11533347,https://file.gamejob.co.kr/net/Corp/CoImage/LogoView?FN=2015\4\GJ_Co_me2on.jpg?638840297710000000,손창욱,2010년,"풀팟홀덤포커, 풀하우스카지노, 솔리테르 트라이픽스 져니",
11533355,https://file.gamejob.co.kr/net/Corp/CoImage/LogoView?FN=2020\11\GJ_CoLogo_11533355.png?638996604500000000,유다엘,2010년,"사신키우기 온라인,신비아파트 고스트헌터,표류소녀,Life is a game,수련충,평타의",
11533448,https://file.gamejob.co.kr/net/Corp/CoImage/LogoView?FN=2011\3\GJ_Co_andamiro1.jpg?639087388130000000,이창섭,1992년,PUMP IT UP,
11533789,https://file.gamejob.co.kr/net/Corp/CoImage/LogoView?FN=2019\12\GJ_CoLogo_11533789.png?639167708210000000,허진영,2010년,"검은사막, 붉은사막",
11533981,https://file.gamejob.co.kr/net/Corp/CoImage/LogoView?FN=2026\8\GJ_CoLogo_11533981.png?639222156290000000,김재우,2010년,"좀비고등학교. 킹갓캐슬, 엑시스블레이드, 이세카이 게이트",
11534141,https://file.gamejob.co.kr/net/Corp/CoImage/LogoView?FN=2022\5\GJ_CoLogo_11534141.png?638913031790000000,"서흥석, 강보선",2011년,"천하제일상 거상모바일, 럽플레이스, 클럽오디션",
11534282,https://file.gamejob.co.kr/net/Corp/CoImage/LogoView?FN=2013\6\GJ_Co_playussoft.jpg?639191878800000000,송의상,2010년,"프로야구 9, 프로야구 스타, 스타일리시 스프린트",
11534378,https://file.gamejob.co.kr/net/Corp/CoImage/LogoView?FN=2021\8\GJ_CoLogo_11534378.PNG?639183481290000000,김준수,2011년,"포코팡타운, 포코포코, 포코팡",
11534402,https://file.gamejob.co.kr/net/Corp/CoImage/LogoView?FN=2016\4\GJ_Co_n2play.jpg?639148830650000000,권민관,2011년,"모두의마블,페이트:그랜드오더,마구마구,신의탑:새로운세계,RF온라인 넥스트,스톤에이지 키우기",
11534458,https://file.gamejob.co.kr/net/Corp/CoImage/LogoView?FN=2022\3\GJ_CoLogo_11534458.jpg?639176602630000000,이기섭,2011년,"Roll the Ball, Word Cookies, Sweet Pop, Bubble Pop",
11989853,https://file.gamejob.co.kr/net/Corp/CoImage/LogoView?FN=2012\2\GJ_Co_naddic.jpg?639126267190000000,이선주,2012년,"클로저스, 중년기사김봉식",
12595615,https://file.gamejob.co.kr/net/Corp/CoImage/LogoView?FN=2021\2\GJ_CoLogo_12595615.png?639161957120000000,안병천,2012년,"골프킹, 미니골프킹 외 다수",
12654065,https://file.gamejob.co.kr/net/Corp/CoImage/LogoView?FN=2014\12\GJ_Co_afewgood1.jpg?638630558400000000,김가람,2012년,"DoubleUCasino, Take 5, DoubleU Bingo",
12746385,https://file.gamejob.co.kr/net/Corp/CoImage/LogoView?FN=2021\12\GJ_CoLogo_12746385.jpeg?639059831200000000,공두상,2012년,이사만루26 / MLB PI 26 / 棒球殿堂 Live,
13105341,https://file.gamejob.co.kr/net/Corp/CoImage/LogoView?FN=2013\11\GJ_Co_nanali.jpg?639087381740000000,박재환,2012년,"포레스트 아일랜드, 타이니카페, 샐리의 법칙",
13293190,https://file.gamejob.co.kr/net/Corp/CoImage/LogoView?FN=2024\9\GJ_CoLogo_13293190.png?639227409500000000,강율빈,2015년,"고양이 오피스, 고양이 스낵바, 무한의계단, 이터널리턴, 드드드드릴, 기어트럭, 럭키히어로",
13320563,https://file.gamejob.co.kr/net/Corp/CoImage/LogoView?FN=2023\1\GJ_CoLogo_13320563.png?639197603090000000,한정현,2013년,"트릭컬 리바이브, 트릭컬(전 롤더체스), 로그(LOG) : 항해의 시작, 페인트 히어로즈",
13322486,https://file.gamejob.co.kr/net/Corp/CoImage/LogoView?FN=2019\1\GJ_Co_bagelcode.jpg?638568253930000000,김준영 윤일환,2012년,"Club Vegas, Jackpotjoy Slots",
13386539,https://file.gamejob.co.kr/net/Corp/CoImage/LogoView?FN=2013\5\GJ_Co_phizigi.gif?637862504760000000,김영훈,2004년,파이골프 스크린,
13425350,https://file.gamejob.co.kr/net/Corp/CoImage/LogoView?FN=2019\8\GJ_CoLogo_13425350.png?638911972840000000,"김승후, 정욱",2013년,이터널 리턴,
13468566,https://file.gamejob.co.kr/net/Corp/CoImage/LogoView?FN=2019\7\GJ_CoLogo_13468566.png?637841741490000000,엄태두,2013년,"루나모바일,  레이더즈M",
13488254,https://file.gamejob.co.kr/net/Corp/CoImage/LogoView?FN=2022\4\GJ_CoLogo_13488254.png?638749795300000000,박용현,2013년,"히트2, 블루아카이브, 서든어택, V4",
13606426,https://file.gamejob.co.kr/net/Corp/CoImage/LogoView?FN=2022\3\GJ_CoLogo_13606426.jpg?638913689970000000,김영모,2013년,별이되어라! for Kakao,
13624547,https://file.gamejob.co.kr/net/Corp/CoImage/LogoView?FN=2020\2\GJ_CoLogo_13624547.jpg?639172010890000000,원세연,2009년,"드래곤빌리지, 드래곤빌리지M, 드래곤빌리지 컬렉션",
13729149,https://file.gamejob.co.kr/net/Corp/CoImage/LogoView?FN=2025\3\GJ_CoLogo_13729149.jpg?639231671090000000,정지홍,2016년,"국내 No.1 게임산업 전문 써치펌- 게임기업 인재 채용, 개발팅 세팅 및 인수, 커리어담",
14020822,https://file.gamejob.co.kr/net/Corp/CoImage/LogoView?FN=2026\1\GJ_CoLogo_14020822.png?639032124740000000,황상준,2013년,"국내외 메이저 업체(게임개발사 포함)와 협업 콘텐츠 제작, 개발",
15157103,https://file.gamejob.co.kr/net/Corp/CoImage/LogoView?FN=2021\1\GJ_CoLogo_15157103.png?638822974650000000,김정익,2014년,트랜스포머 얼라이언스 / 프로젝트S / 프로젝트N2,
15288258,https://file.gamejob.co.kr/net/Corp/CoImage/LogoView?FN=2022\11\GJ_CoLogo_15288258.png?639100585400000000,김주관,2014년,GGPoker,
15370104,https://file.gamejob.co.kr/net/Corp/CoImage/LogoView?FN=2020\7\GJ_CoLogo_15370104.png?638887026400000000,이윤미,2014년,-,
15704099,https://file.gamejob.co.kr/net/Corp/CoImage/LogoView?FN=2023\10\GJ_CoLogo_15704099.png?639087678030000000,김형태,2013년,"승리의 여신: 니케, 스텔라 블레이드, 데스티니차일드",
15887930,https://file.gamejob.co.kr/net/Corp/CoImage/LogoView?FN=2014\10\GJ_Co_meerkatgames.jpeg?639232886330000000,남기룡,2014년,창세기전 모바일,
16004508,https://file.gamejob.co.kr/net/Corp/CoImage/LogoView?FN=2015\6\GJ_Co_arumgames.jpg?639058042830000000,강병종,2014년,"판타지타운,말랑타운",
16381966,https://file.gamejob.co.kr/net/Corp/CoImage/LogoView?FN=2021\8\GJ_CoLogo_16381966.png?639039107290000000,슈웨이황,2006년,로드 모바일,
16411061,https://file.gamejob.co.kr/net/Corp/CoImage/LogoView?FN=2021\4\GJ_CoLogo_16411061.png?639228390500000000,박문형,2013년,SMASH LEGENDS,
16438742,https://file.gamejob.co.kr/net/Corp/CoImage/LogoView?FN=2024\6\GJ_CoLogo_16438742.png?639026189430000000,유현석,2010년,"냥냥레인저스, 헤드샷ZD, 캣워즈, 인피니티볼",
16557447,https://file.gamejob.co.kr/net/Corp/CoImage/LogoView?FN=2022\3\GJ_CoLogo_16557447.jpg?639089936890000000,조길현,2007년,"[쿠키런: 오븐브레이크], [쿠키런: 킹덤], [쿠키런: 모험의탑], [쿠키런 클래식]",
17033644,https://file.gamejob.co.kr/net/Corp/CoImage/LogoView?FN=2015\7\GJ_Co_hound13.gif?639221519570000000,박정식,2014년,"헌드레드 소울(HUNDRED SOUL), DragonSword : Awakening",
17115382,https://file.gamejob.co.kr/net/Corp/CoImage/LogoView?FN=2016\7\GJ_Co_KONGSTUDIOSKOREA.jpg?639231819870000000,"석광원,류범휘",2015년,가디언테일즈,
17241846,https://file.gamejob.co.kr/net/Corp/CoImage/LogoView?FN=2016\1\GJ_Co_ndream.jpg?638884427530000000,조한서,2015년,"캐리비안의해적: 전쟁의 물결, 크로스파이어: 워존, 대항해대전: 오션 앤 엠파이어",
17426022,https://file.gamejob.co.kr/net/Corp/CoImage/LogoView?FN=2017\6\GJ_Co_mr3dpark.jpg?638566661540000000,박건웅,2017년,"메타버스 플랫폼, 모바일게임, VR게임",
17482401,https://file.gamejob.co.kr/net/Corp/CoImage/LogoView?FN=2016\3\GJ_Co_xogames.gif?639214656850000000,염의준,2016년,"파파딜로 고!, 스퀴드워, 우리집에 곰이 돌아왔다!",
17949048,https://file.gamejob.co.kr/net/Corp/CoImage/LogoView?FN=2021\9\GJ_CoLogo_17949048.jpg?638826497490000000,김준영,2015년,"Champion Strike, Golf Super Crew",
18092498,,김영호,2014년,"용사가돌아왔다 키우기, 라이벌피싱, 리얼피싱 VR",
18140850,https://file.gamejob.co.kr/net/Corp/CoImage/LogoView?FN=2026\1\GJ_CoLogo_18140850.png?639029622750000000,성준호,2011년,"LOST ARK, LOST ARK Mobile",
18208300,https://file.gamejob.co.kr/net/Corp/CoImage/LogoView?FN=2024\2\GJ_CoLogo_18208300.png?639231893100000000,"최세훈, 임영준",2015년,"프렌즈 팝콘, 프렌즈 타운, 버디샷 등",
18216698,https://file.gamejob.co.kr/net/Corp/CoImage/LogoView?FN=2024\7\GJ_CoLogo_18216698.png?638996643070000000,성준호,2015년,"에픽세븐, 카오스 제로 나이트메어",
18234272,https://file.gamejob.co.kr/net/Corp/CoImage/LogoView?FN=2025\3\GJ_CoLogo_18234272.png?639035553090000000,한상우,2013년,"달빛조각사, 프린세스커넥트, 가디언테일즈, 엘리온 등",
18244012,https://file.gamejob.co.kr/net/Corp/CoImage/LogoView?FN=2017\8\GJ_Co_jobetoylab.JPG?639093641220000000,박종하,2015년,.,
18270465,https://file.gamejob.co.kr/net/Corp/CoImage/LogoView?FN=2024\11\GJ_CoLogo_18270465.png?639064820200000000,김장중,2011년,"카발RED, 카발온라인, 카발모바일, 고양이다방",
18413128,https://file.gamejob.co.kr/net/Corp/CoImage/LogoView?FN=2016\6\GJ_Co_neostreamldi.jpg?639167777680000000,김현철,2015년,Little Devil Inside,
18443172,https://file.gamejob.co.kr/net/Corp/CoImage/LogoView?FN=2018\12\GJ_Co_playhard.jpg?639234254770000000,신중혁,2016년,"몬몬마스터즈, 퀸즈레터, 우르르수비대, 우르르용병단, 히어로팩토리, 공장 주식회사",
18632100,https://file.gamejob.co.kr/net/Corp/CoImage/LogoView?FN=2021\3\GJ_CoLogo_18632100.png?638859405400000000,서기원,2013년,환세취호전 플러스,
18771068,https://file.gamejob.co.kr/net/Corp/CoImage/LogoView?FN=2018\6\GJ_Co_gamedex.jpg?638902525310000000,배준석,2016년,"월드오브워머신, 건쉽배틀토탈워페어, 니케",
19079176,https://file.gamejob.co.kr/net/Corp/CoImage/LogoView?FN=2016\9\GJ_Co_superplanet.jpg?639117793680000000,박성은,2012년,전자오락수호대 with NAVER WEBTOON,
19209414,https://file.gamejob.co.kr/net/Corp/CoImage/LogoView?FN=2023\7\GJ_CoLogo_19209414.jpg?638615949280000000,나성수,2016년,마피아42,
20388423,https://file.gamejob.co.kr/net/Corp/CoImage/LogoView?FN=2017\2\GJ_Co_yhdatabase.jpg?639215512630000000,최대룡,2006년,"소울트리거, 약한히어로지만 세상을 구할수 있어, 드로울리, 던전큐브, 머지머지얀",
20978266,https://file.gamejob.co.kr/net/Corp/CoImage/LogoView?FN=2025\9\GJ_CoLogo_20978266.png?639207709370000000,김강안,2015년,"운빨존많겜, 랜덤다이스:디펜스",
21345387,https://file.gamejob.co.kr/net/Corp/CoImage/LogoView?FN=2023\11\GJ_CoLogo_21345387.png?639149724200000000,정래승,2017년,"Rise of the Fallen, Crazy World VR, The Patcher",
21464377,https://file.gamejob.co.kr/net/Corp/CoImage/LogoView?FN=2024\7\GJ_CoLogo_21464377.png?639238876690000000,김국환,2017년,"던전메이커, 던전지키기, 던전스쿼드, 던전위딘",
21560497,https://file.gamejob.co.kr/net/Corp/CoImage/LogoView?FN=2022\3\GJ_CoLogo_21560497.jpg?638984564320000000,"최재헌, 최일돈",2017년,"로드나인, AVATARA, 로한M",
21966143,https://file.gamejob.co.kr/net/Corp/CoImage/LogoView?FN=2021\11\GJ_CoLogo_21966143.jpg?639159240770000000,김원배,2016년,"바람의나라: 연, 도깨비의세계, Project CM, Project AS",
22052046,https://file.gamejob.co.kr/net/Corp/CoImage/LogoView?FN=2019\7\GJ_CoLogo_22052046.png?639231644240000000,배영진,2012년,"창세기전 모바일, 대항해시대오리진, 언디셈버",
22209089,https://file.gamejob.co.kr/net/Corp/CoImage/LogoView?FN=2023\2\GJ_CoLogo_22209089.png?639186032490000000,류금태,2017년,스타세이비어 (https://www.starsavior.com/kr),
22302337,https://file.gamejob.co.kr/net/Corp/CoImage/LogoView?FN=2026\3\GJ_CoLogo_22302337.png?639084112890000000,김창한,2007년,PUBG: 배틀그라운드,
22367647,https://file.gamejob.co.kr/net/Corp/CoImage/LogoView?FN=2019\11\GJ_CoLogo_22367647.png?639222145790000000,이영일,2017년,"플레이투게더, 홈런클래시, 오버독스, 익스트림골프, 홈런클래시2, 데미안전기",
22675361,https://file.gamejob.co.kr/net/Corp/CoImage/LogoView?FN=2019\10\GJ_CoLogo_22675361.png?638663150660000000,김병주,2017년,-,
22707922,https://file.gamejob.co.kr/net/Corp/CoImage/LogoView?FN=2018\1\GJ_Co_nurimaru2.jpg?638404923290000000,박진형,2011년,-,
22777863,https://file.gamejob.co.kr/net/Corp/CoImage/LogoView?FN=2026\1\GJ_CoLogo_22777863.png?639046954260000000,박병준,1988년,-,
23867666,https://file.gamejob.co.kr/net/Corp/CoImage/LogoView?FN=2019\5\GJ_Co_dreamidea.jpg?638810907150000000,이제환,2017년,"아스트라의 전설(모바일), 원더킹Ver3.0(온라인), 그라나다",
23947670,https://file.gamejob.co.kr/net/Corp/CoImage/LogoView?FN=2026\1\GJ_CoLogo_23947670.png?639035719800000000,성준호,2002년,"크로스파이어, CFHD",
24244566,https://file.gamejob.co.kr/net/Corp/CoImage/LogoView?FN=2020\1\GJ_CoLogo_24244566.png?639226525110000000,정현호 배봉건,2017년,그랑사가,
24477589,https://file.gamejob.co.kr/net/Corp/CoImage/LogoView?FN=2021\5\GJ_CoLogo_24477589.png?639184358180000000,김제일,2018년,위험한그놈들,
24913033,https://file.gamejob.co.kr/net/Corp/CoImage/LogoView?FN=2023\5\GJ_CoLogo_24913033.png?639062529400000000,"나영채, 이진호",2016년,"COIN MATCH, THE PUZZLE, OMG",
25156326,https://file.gamejob.co.kr/net/Corp/CoImage/LogoView?FN=2020\5\GJ_CoLogo_25156326.jpg?638157042480000000,유태선,2013년,"위드2FC, 위드M",
25479421,https://file.gamejob.co.kr/net/Corp/CoImage/LogoView?FN=2018\9\GJ_Co_motif2018.jpg?639228219530000000,유태웅,2017년,대항해시대 오리진,
25640518,https://file.gamejob.co.kr/net/Corp/CoImage/LogoView?FN=2018\10\GJ_Co_sbsedu121.jpg?638512985550000000,엄정호,2010년,-,
25672236,https://file.gamejob.co.kr/net/Corp/CoImage/LogoView?FN=2024\5\GJ_CoLogo_25672236.png?639221305190000000,박병화,2018년,StorySelf / Moii / MoiiMe,
25767582,https://file.gamejob.co.kr/net/Corp/CoImage/LogoView?FN=2022\6\GJ_CoLogo_25767582.jpg?639178068190000000,박상우,2018년,Skul: The Hero Slayer,
26070227,https://file.gamejob.co.kr/net/Corp/CoImage/LogoView?FN=2023\5\GJ_CoLogo_26070227.png?639149607180000000,홍성준,2011년,"모바일게임 프로젝트 샤먼킹, 프로젝트 SF, 프로젝트 DR 등",
26126626,https://file.gamejob.co.kr/net/Corp/CoImage/LogoView?FN=2023\3\GJ_CoLogo_26126626.jpg?638157924260000000,이준혁,2018년,-,
26350588,https://file.gamejob.co.kr/net/Corp/CoImage/LogoView?FN=2026\7\GJ_CoLogo_26350588.png?639203277460000000,차병곤,2015년,-,
26392535,https://file.gamejob.co.kr/net/Corp/CoImage/LogoView?FN=2021\8\GJ_CoLogo_26392535.png?638519771870000000,김동균,2017년,하이큐: 터치 더 드림,
26465521,https://file.gamejob.co.kr/net/Corp/CoImage/LogoView?FN=2021\5\GJ_CoLogo_26465521.png?638604614510000000,"원종화, 안대현",2015년,"갓오브하이스쿨, 밀키웨이퀘스트",
26552378,https://file.gamejob.co.kr/net/Corp/CoImage/LogoView?FN=2022\6\GJ_CoLogo_26552378.jpg?639056461360000000,이병양,2017년,임팩트비전,
26933113,https://file.gamejob.co.kr/net/Corp/CoImage/LogoView?FN=2019\1\GJ_Co_mouseduckjob.jpg?638693231220000000,김명준,2016년,"표창키우기,표창키우기2,비둘기키우기,미니카키우기,포세이돈 키우기",
27128192,https://file.gamejob.co.kr/net/Corp/CoImage/LogoView?FN=2023\3\GJ_CoLogo_27128192.jpg?639077255820000000,"조헌정, 염제우",2019년,"언디셈버, 다크디셈버",
27153410,https://file.gamejob.co.kr/net/Corp/CoImage/LogoView?FN=2019\2\GJ_Co_lion0510.jpg?638997552230000000,김재영,2018년,오딘: 발할라 라이징,
27199606,https://file.gamejob.co.kr/net/Corp/CoImage/LogoView?FN=2025\2\GJ_CoLogo_27199606.png?639159157580000000,나일영,2019년,"The Pink Robot, 디즈니 렐름 브레이커스, 테라 : 엔드리스워",
27410251,https://file.gamejob.co.kr/net/Corp/CoImage/LogoView?FN=2019\3\GJ_Co_imcgames2.jpg?638862743160000000,김학규,2003년,"그라나도에스파다, 트리오브세이비어",
27469986,https://file.gamejob.co.kr/net/Corp/CoImage/LogoView?FN=2022\3\GJ_CoLogo_27469986.png?639176603650000000,이기섭,2019년,"Word Cookies!, Jewels Magic, Bubble Pop Origin",
27582171,https://file.gamejob.co.kr/net/Corp/CoImage/LogoView?FN=2025\4\GJ_CoLogo_27582171.png?639237964170000000,조형우,2016년,"캔디프랜즈, 쥬얼헌터, 쥬얼블라스트, 스푸키즈팝, 슈가팝, 쥬얼캐슬, 골프히어로",
28124259,https://file.gamejob.co.kr/net/Corp/CoImage/LogoView?FN=2024\3\GJ_CoLogo_28124259.jpg?639197328290000000,정세진,2019년,헬로키티 마이 드림 스토어(Hello Kitty My Dream Store),
29208655,https://file.gamejob.co.kr/net/Corp/CoImage/LogoView?FN=2023\5\GJ_CoLogo_29208655.jpg?638935364080000000,한동수,2014년,-,
29523920,https://file.gamejob.co.kr/net/Corp/CoImage/LogoView?FN=2021\4\GJ_CoLogo_29523920.jpg?639214407430000000,유희상,2019년,소울 스트라이크 / 아르카나 택틱스,
29576203,https://file.gamejob.co.kr/net/Corp/CoImage/LogoView?FN=2022\6\GJ_CoLogo_29576203.png?639017399630000000,"송승준, 최재원",2019년,"어나더던전, 캣히어로",
30332460,https://file.gamejob.co.kr/net/Corp/CoImage/LogoView?FN=2020\1\GJ_CoLogo_30332460.png?638767747060000000,김진의,2019년,-,
30407882,https://file.gamejob.co.kr/net/Corp/CoImage/LogoView?FN=2025\6\GJ_CoLogo_30407882.png?639087631970000000,최연재,2019년,"변신 키우기, 블레이드 키우기",
30459165,https://file.gamejob.co.kr/net/Corp/CoImage/LogoView?FN=2022\9\GJ_CoLogo_30459165.png?639167720840000000,홍두선,2015년,maybe,
30537999,https://file.gamejob.co.kr/net/Corp/CoImage/LogoView?FN=2024\11\GJ_CoLogo_30537999.png?638702912070000000,우성원,2020년,"소악마 키우기, 드래곤라자 오리진 on zemit, 드래곤라자 오리진, 카이온M, 러쉬",
30827613,https://file.gamejob.co.kr/net/Corp/CoImage/LogoView?FN=2020\10\GJ_CoLogo_30827613.png?639166205540000000,장지황,1998년,-,
30836321,https://file.gamejob.co.kr/net/Corp/CoImage/LogoView?FN=2020\4\GJ_CoLogo_30836321.png?639075376250000000,윤나라,2021년,러브언홀릭,
30881919,https://file.gamejob.co.kr/net/Corp/CoImage/LogoView?FN=2022\5\GJ_CoLogo_30881919.png?638387517630000000,박인혁,2020년,The Relic,
31012116,https://file.gamejob.co.kr/net/Corp/CoImage/LogoView?FN=2020\4\GJ_CoLogo_31012116.PNG?638555337210000000,김성준,2008년,-,
31127027,https://file.gamejob.co.kr/net/Corp/CoImage/LogoView?FN=2022\7\GJ_CoLogo_31127027.jpg?639217134640000000,손범석,2019년,아우터플레인,
31315722,https://file.gamejob.co.kr/net/Corp/CoImage/LogoView?FN=2022\3\GJ_CoLogo_31315722.png?638995094250000000,김영달,2019년,"데빌슬레이어, 돼지 키우는 중입니다",
31493916,https://file.gamejob.co.kr/net/Corp/CoImage/LogoView?FN=2022\12\GJ_CoLogo_31493916.png?638767216690000000,이형주,2019년,크로노 아크,
31662837,https://file.gamejob.co.kr/net/Corp/CoImage/LogoView?FN=2020\6\GJ_CoLogo_31662837.jpg?639021926190000000,윤주호 안진홍,2019년,-,
31751066,https://file.gamejob.co.kr/net/Corp/CoImage/LogoView?FN=2020\7\GJ_CoLogo_31751066.png?639148664360000000,김주은,2020년,건틀렛: 방치형 액션 RPG,
31949410,https://file.gamejob.co.kr/net/Corp/CoImage/LogoView?FN=2020\7\GJ_CoLogo_31949410.jpg?638350398030000000,홍민균,2000년,오디션/클럽오디션,
31995017,https://file.gamejob.co.kr/net/Corp/CoImage/LogoView?FN=2020\11\GJ_CoLogo_31995017.png?639124453420000000,김학준,2000년,"로한, 씰온라인, 로한M 등",
32211259,https://file.gamejob.co.kr/net/Corp/CoImage/LogoView?FN=2020\9\GJ_CoLogo_32211259.JPG?638977656600000000,정현곤,2008년,-,
32318163,https://file.gamejob.co.kr/net/Corp/CoImage/LogoView?FN=2020\9\GJ_CoLogo_32318163.jpg?639223211980000000,이현정,2020년,조선메타실록,
32458941,https://file.gamejob.co.kr/net/Corp/CoImage/LogoView?FN=2020\10\GJ_CoLogo_32458941.png?639065040660000000,박은현,2020년,숲속의 작은 마녀(Little Witch in the Woods),
32523195,https://file.gamejob.co.kr/net/Corp/CoImage/LogoView?FN=2022\5\GJ_CoLogo_32523195.png?638290941060000000,김인수,2017년,"다함께야구왕, 아처리챔피언, 마이스윙, 마이프로 등",
32543335,https://file.gamejob.co.kr/net/Corp/CoImage/LogoView?FN=2022\5\GJ_CoLogo_32543335.PNG?639057269250000000,이만재,2020년,데블위딘삿갓(The Devil Within:Satgat),
32636212,https://file.gamejob.co.kr/net/Corp/CoImage/LogoView?FN=2026\4\GJ_CoLogo_32636212.png?639116881870000000,"김동건,정길수",2020년,마비노기모바일,
32698738,https://file.gamejob.co.kr/net/Corp/CoImage/LogoView?FN=2024\4\GJ_CoLogo_32698738.jpg?639112456810000000,김대영,2020년,-,
32701342,https://file.gamejob.co.kr/net/Corp/CoImage/LogoView?FN=2024\3\GJ_CoLogo_32701342.png?638854211250000000,오상민,2014년,-,
32754336,https://file.gamejob.co.kr/net/Corp/CoImage/LogoView?FN=2021\6\GJ_CoLogo_32754336.png?639123664400000000,최재영,2020년,블랙클로버 모바일,
33187703,https://file.gamejob.co.kr/net/Corp/CoImage/LogoView?FN=2020\12\GJ_CoLogo_33187703.png?638689992290000000,김준태,2018년,SNK올스타파이트,
33243514,https://file.gamejob.co.kr/net/Corp/CoImage/LogoView?FN=2024\4\GJ_CoLogo_33243514.png?638609674610000000,조두인,2020년,"Dark and Darker Mobile, TERA, ELYON",
33563803,https://file.gamejob.co.kr/net/Corp/CoImage/LogoView?FN=2021\1\GJ_CoLogo_33563803.png?638905077200000000,"김정민, 배경태",2013년,"세븐나이츠, 세븐나이츠2, 세븐나이츠 레볼루션, 세븐나이츠 키우기",
33649396,https://file.gamejob.co.kr/net/Corp/CoImage/LogoView?FN=2021\2\GJ_CoLogo_33649396.jpg?639205141650000000,"이정욱, 손면석",2020년,나이트 크로우,
33892496,https://file.gamejob.co.kr/net/Corp/CoImage/LogoView?FN=2021\2\GJ_CoLogo_33892496.png?639222288920000000,구도형,2014년,"일곱 개의 대죄, 블레이드앤소울 레볼루션 외 신규 프로젝트 다수",
34012768,https://file.gamejob.co.kr/net/Corp/CoImage/LogoView?FN=2021\3\GJ_CoLogo_34012768.jpg?639106445030000000,기준수,2018년,미츄 meechu,
34482342,https://file.gamejob.co.kr/net/Corp/CoImage/LogoView?FN=2022\5\GJ_CoLogo_34482342.png?639203892260000000,김기명,2020년,Vapor World: Over The Mind,
34519447,https://file.gamejob.co.kr/net/Corp/CoImage/LogoView?FN=2024\12\GJ_CoLogo_34519447.jpg?638993337130000000,조승기,2021년,"바이오하자드 서바이벌 유닛, 드래곤 엠파이어, 문명: Reign of Power",
34530939,https://file.gamejob.co.kr/net/Corp/CoImage/LogoView?FN=2022\10\GJ_CoLogo_34530939.jpg?638966579130000000,서성영,2016년,"머지스위츠,킹덤워즈,쥬얼스템플,후르츠포레스트,어비스외30종",
34583212,https://file.gamejob.co.kr/net/Corp/CoImage/LogoView?FN=2026\4\GJ_CoLogo_34583212.png?639234431990000000,성준호,2016년,스마일게이트 스토브 플랫폼 / 퍼블리싱,
34586425,https://file.gamejob.co.kr/net/Corp/CoImage/LogoView?FN=2025\7\GJ_CoLogo_34586425.png?638889844070000000,정우용,2022년,"인더섬 with BTS, 리듬하이브, 별이되어라2 베다의 기사들, 아키텍트:랜드오브 엑자일",
34960030,https://file.gamejob.co.kr/net/Corp/CoImage/LogoView?FN=2021\11\GJ_CoLogo_34960030.jpg?638876592890000000,노현서,2018년,이세계 용병단 키우기,
35028996,https://file.gamejob.co.kr/net/Corp/CoImage/LogoView?FN=2022\3\GJ_CoLogo_35028996.png?639208334340000000,김동우,2021년,"메이플 키우기, 크레센트, 달토끼 키우기",
35059669,https://file.gamejob.co.kr/net/Corp/CoImage/LogoView?FN=2021\7\GJ_CoLogo_35059669.PNG?639177373620000000,이규민,2021년,-,
35137891,https://file.gamejob.co.kr/net/Corp/CoImage/LogoView?FN=2025\5\GJ_CoLogo_35137891.png?639146962300000000,김준현,2021년,Bounty Pang / Weaponia : Merge & Fight,
35190605,https://file.gamejob.co.kr/net/Corp/CoImage/LogoView?FN=2022\3\GJ_CoLogo_35190605.png?639193005700000000,이대훈,2011년,"아이러브커피, 마루는 강쥐: 카페 사장됐다 짱이지!, 아이러브파스타 등",
35234551,https://file.gamejob.co.kr/net/Corp/CoImage/LogoView?FN=2024\11\GJ_CoLogo_35234551.png?639197088220000000,김민상,2021년,"슬레이어 키우기, 레츠고 레전드!, 프린세스메이커 : 예언의 아이들",
35256454,https://file.gamejob.co.kr/net/Corp/CoImage/LogoView?FN=2021\8\GJ_CoLogo_35256454.png?639235316660000000,"이태웅, 복규동",2021년,"호라이즌 워커, 마대자",
35265550,https://file.gamejob.co.kr/net/Corp/CoImage/LogoView?FN=2023\2\GJ_CoLogo_35265550.png?639226709280000000,임대운,2021년,"추노키우기,듀라한키우기,썩쏘또키우기",
35420506,https://file.gamejob.co.kr/net/Corp/CoImage/LogoView?FN=2024\6\GJ_CoLogo_35420506.png?638975354580000000,강은성,2018년,묵혼온라인,
35542803,https://file.gamejob.co.kr/net/Corp/CoImage/LogoView?FN=2021\9\GJ_CoLogo_35542803.png?639004803290000000,신소헌,1999년,-,
35679234,https://file.gamejob.co.kr/net/Corp/CoImage/LogoView?FN=2021\10\GJ_CoLogo_35679234.png?639215395170000000,김종윤,2011년,"zeta(제타), 이루다",
35750294,https://file.gamejob.co.kr/net/Corp/CoImage/LogoView?FN=2021\11\GJ_CoLogo_35750294.jpg?639235141640000000,김도윤,2021년,"리메멘토, 메모리스, 페어리트윈스",
36068909,https://file.gamejob.co.kr/net/Corp/CoImage/LogoView?FN=2024\8\GJ_CoLogo_36068909.png?639198670380000000,박용진,2021년,"소울 헌터 키우기,퇴마검사 키우기,요괴사냥꾼 키우기",
36189991,https://file.gamejob.co.kr/net/Corp/CoImage/LogoView?FN=2023\6\GJ_CoLogo_36189991.jpg?639093526590000000,김형규,2021년,-,
36280457,https://file.gamejob.co.kr/net/Corp/CoImage/LogoView?FN=2022\3\GJ_CoLogo_36280457.png?639202376130000000,임창섭,2021년,"마녀의 기사, 마법로 기사 25길 ,렐리온",
36329506,https://file.gamejob.co.kr/net/Corp/CoImage/LogoView?FN=2022\4\GJ_CoLogo_36329506.png?639167033320000000,이준희,2021년,브라운더스트2,
36376493,https://file.gamejob.co.kr/net/Corp/CoImage/LogoView?FN=2026\7\GJ_CoLogo_36376493.png?639208478630000000,"오선호, 안병환",2010년,"락앤캐쉬,슬롯메이트, 애니팡포커, 애니팡맞고, 하이롤러베가스 등",
36420824,https://file.gamejob.co.kr/net/Corp/CoImage/LogoView?FN=2025\8\GJ_CoLogo_36420824.png?639168039730000000,박인후,2020년,"빠지냥, 머지냥카페 등",
36460597,https://file.gamejob.co.kr/net/Corp/CoImage/LogoView?FN=2022\11\GJ_CoLogo_36460597.png?639101371820000000,"고영우, 김성균",2021년,"고양이 정원, 천마 키우기, 고양이 카페",
36467873,https://file.gamejob.co.kr/net/Corp/CoImage/LogoView?FN=2022\1\GJ_CoLogo_36467873.png?639168672420000000,박진영,2020년,-,
36534734,https://file.gamejob.co.kr/net/Corp/CoImage/LogoView?FN=2022\1\GJ_CoLogo_36534734.png?638811209170000000,김근태,2020년,Project S,
36674893,https://file.gamejob.co.kr/net/Corp/CoImage/LogoView?FN=2022\2\GJ_CoLogo_36674893.png?639147854180000000,공준식,2021년,"XP Hero, Burger Please!, Pizza Ready!, Snake Clash",
36795968,https://file.gamejob.co.kr/net/Corp/CoImage/LogoView?FN=2022\4\GJ_CoLogo_36795968.png?637904788860000000,이건희,2022년,-,
36871058,https://file.gamejob.co.kr/net/Corp/CoImage/LogoView?FN=2022\12\GJ_CoLogo_36871058.jpg?639214393500000000,"펑루샤, 응주이쾅제",2009년,"Free Fire, 신월동행",
37060111,https://file.gamejob.co.kr/net/Corp/CoImage/LogoView?FN=2023\7\GJ_CoLogo_37060111.png?639201541680000000,최신,2022년,"픽셀판타지아, 아르카나블레이드",
37080291,https://file.gamejob.co.kr/net/Corp/CoImage/LogoView?FN=2024\11\GJ_CoLogo_37080291.png?639096129740000000,김준형,2019년,"블레이드 어썰트, Dragon is Dead",
37110366,https://file.gamejob.co.kr/net/Corp/CoImage/LogoView?FN=2025\1\GJ_CoLogo_37110366.png?639064248820000000,김효수,2021년,SOL: enchant,
37126660,https://file.gamejob.co.kr/net/Corp/CoImage/LogoView?FN=2022\4\GJ_CoLogo_37126660.png?638950298550000000,권영식,2012년,"뱀피르, 나 혼자만 레벨업, 왕좌의게임, 제2의나라, 리니지2레볼루션",
37254790,,윤광준,2022년,-,
37626343,https://file.gamejob.co.kr/net/Corp/CoImage/LogoView?FN=2026\8\GJ_CoLogo_37626343.png?639215425290000000,김남석,2022년,ZETA,
37830051,https://file.gamejob.co.kr/net/Corp/CoImage/LogoView?FN=2025\3\GJ_CoLogo_37830051.png?638779050150000000,박선영,2021년,Table Party / Table Edu,
37993507,https://file.gamejob.co.kr/net/Corp/CoImage/LogoView?FN=2023\6\GJ_CoLogo_37993507.jpeg?639105712820000000,최민경,2016년,Real VR Fishing,
38392363,https://file.gamejob.co.kr/net/Corp/CoImage/LogoView?FN=2022\9\GJ_CoLogo_38392363.png?639084126640000000,HUANG LAN,2022년,"원신, ,붕괴 스타레일, 젠레스 존 제로, 미해결사건부, 붕괴3rd",
38509979,https://file.gamejob.co.kr/net/Corp/CoImage/LogoView?FN=2023\4\GJ_CoLogo_38509979.png?638629664160000000,박용덕,2020년,-,
38579815,https://file.gamejob.co.kr/net/Corp/CoImage/LogoView?FN=2022\10\GJ_CoLogo_38579815.png?639208541670000000,이규승,2021년,-,
38748785,https://file.gamejob.co.kr/net/Corp/CoImage/LogoView?FN=2026\6\GJ_CoLogo_38748785.png?639159968800000000,김한국,2011년,-,
39082809,https://file.gamejob.co.kr/net/Corp/CoImage/LogoView?FN=2024\5\GJ_CoLogo_39082809.png?639189542550000000,서용수 조용민,2022년,주요사업,
39705718,https://file.gamejob.co.kr/net/Corp/CoImage/LogoView?FN=2024\3\GJ_CoLogo_39705718.png?638994356590000000,신준호,2022년,루나 : 월영의 전쟁,
39805772,https://file.gamejob.co.kr/net/Corp/CoImage/LogoView?FN=2025\4\GJ_CoLogo_39805772.jpg?638810163940000000,조병훈,2020년,IFSUNSETS (이프선셋),
39899279,https://file.gamejob.co.kr/net/Corp/CoImage/LogoView?FN=2024\6\GJ_CoLogo_39899279.png?639183259340000000,이범규,2019년,"종족 디펜스, 벙커 디펜스, 꿈틀 수비대",
39901184,https://file.gamejob.co.kr/net/Corp/CoImage/LogoView?FN=2023\2\GJ_CoLogo_39901184.png?639195567550000000,김영우,2022년,puzzle and guardians / Axie champions,
40669427,https://file.gamejob.co.kr/net/Corp/CoImage/LogoView?FN=2023\5\GJ_CoLogo_40669427.png?638842072600000000,최형인,2021년,-,
40675875,https://file.gamejob.co.kr/net/Corp/CoImage/LogoView?FN=2023\5\GJ_CoLogo_40675875.jpg?639088694200000000,고명지,2023년,-,
41111412,https://file.gamejob.co.kr/net/Corp/CoImage/LogoView?FN=2023\6\GJ_CoLogo_41111412.png?638974324810000000,윤상혁,2023년,발키리아,
41235529,https://file.gamejob.co.kr/net/Corp/CoImage/LogoView?FN=2024\3\GJ_CoLogo_41235529.png?639237894270000000,한상빈,2023년,"TBH : 태스크바 히어로, 미니 코지 룸",
41256522,https://file.gamejob.co.kr/net/Corp/CoImage/LogoView?FN=2023\7\GJ_CoLogo_41256522.png?639167071830000000,조성자,2022년,버디인,
41277906,https://file.gamejob.co.kr/net/Corp/CoImage/LogoView?FN=2024\7\GJ_CoLogo_41277906.jpg?639106613570000000,이동규,2023년,Project Thanatos,
41427038,https://file.gamejob.co.kr/net/Corp/CoImage/LogoView?FN=2025\3\GJ_CoLogo_41427038.png?639221336990000000,방유식,2023년,-,
41905936,https://file.gamejob.co.kr/net/Corp/CoImage/LogoView?FN=2026\8\GJ_CoLogo_41905936.png?639219915790000000,정민욱,2023년,Let In Diner / 합성데이터 생성기 CEN / 그 외 40건 이상,
41909341,https://file.gamejob.co.kr/net/Corp/CoImage/LogoView?FN=2026\3\GJ_CoLogo_41909341.png?639092639420000000,"조순구, 권세웅",2023년,미래시: 보이지 않는 미래,
42212685,https://file.gamejob.co.kr/net/Corp/CoImage/LogoView?FN=2023\10\GJ_CoLogo_42212685.png?638969022280000000,박범진,2023년,아키텍트,https://www.aquatree.kr
42250798,https://file.gamejob.co.kr/net/Corp/CoImage/LogoView?FN=2023\11\GJ_CoLogo_42250798.png?639237742150000000,구인영,2023년,타래: 언바운드,
42515868,https://file.gamejob.co.kr/net/Corp/CoImage/LogoView?FN=2024\8\GJ_CoLogo_42515868.png?639235219450000000,최종원,2023년,"어나더소울, 나이트코어 킹덤, 캐슬케이퍼, 히어로콬콬, 나만없어드래곤",
42578192,https://file.gamejob.co.kr/net/Corp/CoImage/LogoView?FN=2024\9\GJ_CoLogo_42578192.png?638945967230000000,지승범,2023년,-,
42858458,https://file.gamejob.co.kr/net/Corp/CoImage/LogoView?FN=2024\1\GJ_CoLogo_42858458.jpg?639180163000000000,박장수,2023년,창세기전 키우기,
42937996,https://file.gamejob.co.kr/net/Corp/CoImage/LogoView?FN=2025\10\GJ_CoLogo_42937996.png?639106433620000000,이정훈,2023년,메이크드라마 : MAD,
43046575,https://file.gamejob.co.kr/net/Corp/CoImage/LogoView?FN=2024\1\GJ_CoLogo_43046575.png?638677845110000000,박훈,2023년,-,
43196783,https://file.gamejob.co.kr/net/Corp/CoImage/LogoView?FN=2024\1\GJ_CoLogo_43196783.jpg?639129883480000000,양수연,2018년,이블헌터 타이쿤,
43358819,https://file.gamejob.co.kr/net/Corp/CoImage/LogoView?FN=2024\3\GJ_CoLogo_43358819.png?639184445850000000,김정남,2024년,-,
43515135,https://file.gamejob.co.kr/net/Corp/CoImage/LogoView?FN=2024\2\GJ_CoLogo_43515135.png?639208547300000000,최병천,2023년,"템빨:오버기어드 , 프로젝트A",
43575496,https://file.gamejob.co.kr/net/Corp/CoImage/LogoView?FN=2024\4\GJ_CoLogo_43575496.png?639237816860000000,김주완,2023년,백룸컴퍼니 Backroom Company,
43578584,https://file.gamejob.co.kr/net/Corp/CoImage/LogoView?FN=2024\4\GJ_CoLogo_43578584.png?639189582690000000,송영진,2024년,그랑사가 키우기,
43644904,https://file.gamejob.co.kr/net/Corp/CoImage/LogoView?FN=2024\6\GJ_CoLogo_43644904.png?639034904430000000,임형철,2011년,-,
43834799,https://file.gamejob.co.kr/net/Corp/CoImage/LogoView?FN=2024\3\GJ_CoLogo_43834799.png?639142699500000000,배봉건,2024년,Chrono Odyssey,
43885377,https://file.gamejob.co.kr/net/Corp/CoImage/LogoView?FN=2024\7\GJ_CoLogo_43885377.png?639195595910000000,김대훤,2024년,"제우스, 건즈앤드래곤즈, EA",
43925092,,이창섭,2024년,-,
43968437,https://file.gamejob.co.kr/net/Corp/CoImage/LogoView?FN=2024\4\GJ_CoLogo_43968437.jpg?638810243080000000,이진희,2023년,"골윈 스포츠, 골윈 베가스",
44147455,https://file.gamejob.co.kr/net/Corp/CoImage/LogoView?FN=2024\5\GJ_CoLogo_44147455.jpg?638902526250000000,배준석,2016년,-,
44238355,https://file.gamejob.co.kr/net/Corp/CoImage/LogoView?FN=2025\9\GJ_CoLogo_44238355.png?639102087150000000,김민석,2023년,열혈강호 무쌍(모바일 MORPG),
44380258,https://file.gamejob.co.kr/net/Corp/CoImage/LogoView?FN=2024\6\GJ_CoLogo_44380258.png?639237815660000000,고승표,2024년,던전 어라이즈,
44438003,https://file.gamejob.co.kr/net/Corp/CoImage/LogoView?FN=2024\8\GJ_CoLogo_44438003.png?639207724800000000,박병림,2024년,아스트라에 오라티오,
44483607,https://file.gamejob.co.kr/net/Corp/CoImage/LogoView?FN=2024\8\GJ_CoLogo_44483607.png?639146293120000000,박윤성,2024년,와일드 쉐이퍼즈 (Wild Shapers),
44514685,https://file.gamejob.co.kr/net/Corp/CoImage/LogoView?FN=2024\6\GJ_CoLogo_44514685.png?638703311060000000,강은성,2024년,Project DNA (개발중),
44714425,https://file.gamejob.co.kr/net/Corp/CoImage/LogoView?FN=2025\1\GJ_CoLogo_44714425.png?639064074730000000,"조경주, 박영재",2024년,-,
44806162,https://file.gamejob.co.kr/net/Corp/CoImage/LogoView?FN=2024\8\GJ_CoLogo_44806162.PNG?638586392250000000,주영치,-,-,
44970375,https://file.gamejob.co.kr/net/Corp/CoImage/LogoView?FN=2024\8\GJ_CoLogo_44970375.png?639235275810000000,김용훈,2020년,-,
45016144,https://file.gamejob.co.kr/net/Corp/CoImage/LogoView?FN=2024\8\GJ_CoLogo_45016144.png?638792072310000000,조성원,1994년,"프리스타일 시리즈, 건쉽배틀:토탈워페어, 캐리비안의 해적, 오션 앤 엠파이어",
45065731,https://file.gamejob.co.kr/net/Corp/CoImage/LogoView?FN=2025\8\GJ_CoLogo_45065731.png?639122980970000000,서한결,2024년,-,
45083125,https://file.gamejob.co.kr/net/Corp/CoImage/LogoView?FN=2024\9\GJ_CoLogo_45083125.png?639093707590000000,차지훈,2023년,-,
45558847,https://file.gamejob.co.kr/net/Corp/CoImage/LogoView?FN=2026\8\GJ_CoLogo_45558847.jpg?639229386210000000,이필주,2024년,-,
45574683,https://file.gamejob.co.kr/net/Corp/CoImage/LogoView?FN=2024\10\GJ_CoLogo_45574683.png?638647998570000000,천카이,2014년,"명일방주, 작혼: 리치 마작 외 다수",
45580138,https://file.gamejob.co.kr/net/Corp/CoImage/LogoView?FN=2025\11\GJ_CoLogo_45580138.jpg?638997551760000000,이정진,2021년,Project M (in progress),
45691920,,차중기,2023년,어반로어:도플갱어의 거리,
45766103,https://file.gamejob.co.kr/net/Corp/CoImage/LogoView?FN=2024\11\GJ_CoLogo_45766103.png?639210308180000000,권오준,2022년,더 스파이크 크로스,
45826696,https://file.gamejob.co.kr/net/Corp/CoImage/LogoView?FN=2025\11\GJ_CoLogo_45826696.png?639166551660000000,탄탄CG,2023년,-,
45831580,https://file.gamejob.co.kr/net/Corp/CoImage/LogoView?FN=2024\11\GJ_CoLogo_45831580.png?639052144030000000,황재호,2024년,데이브 더 다이버,
45873305,https://file.gamejob.co.kr/net/Corp/CoImage/LogoView?FN=2026\5\GJ_CoLogo_45873305.jpg?639221433350000000,이재진,2023년,"아르테일,MapleOrigin, 에버플래닛(개발 중)",
45937596,https://file.gamejob.co.kr/net/Corp/CoImage/LogoView?FN=2025\5\GJ_CoLogo_45937596.png?639234510760000000,김동욱,2020년,INTERSCAPE,
45949900,https://file.gamejob.co.kr/net/Corp/CoImage/LogoView?FN=2024\12\GJ_CoLogo_45949900.png?639228410550000000,최영일,2024년,[프로젝트 R] 개발중,
45960378,https://file.gamejob.co.kr/net/Corp/CoImage/LogoView?FN=2026\8\GJ_CoLogo_45960378.png?639228277100000000,손수현,2023년,-,
46185001,https://file.gamejob.co.kr/net/Corp/CoImage/LogoView?FN=2024\12\GJ_CoLogo_46185001.png?639146977280000000,최현세,2022년,-,
46312306,https://file.gamejob.co.kr/net/Corp/CoImage/LogoView?FN=2025\9\GJ_CoLogo_46312306.png?638989696420000000,류지수,2024년,-,
46381594,,최은석,2024년,-,
46407077,https://file.gamejob.co.kr/net/Corp/CoImage/LogoView?FN=2025\4\GJ_CoLogo_46407077.png?638817153140000000,서용채,2024년,-,
46512987,https://file.gamejob.co.kr/net/Corp/CoImage/LogoView?FN=2026\4\GJ_CoLogo_46512987.png?639209410590000000,김지상,2025년,-,
46534341,https://file.gamejob.co.kr/net/Corp/CoImage/LogoView?FN=2025\1\GJ_CoLogo_46534341.jpg?639126411220000000,박형철,2023년,OVERDARE,
46666430,https://file.gamejob.co.kr/net/Corp/CoImage/LogoView?FN=2025\5\GJ_CoLogo_46666430.png?639183283980000000,송상혁,2025년,-,
46707147,https://file.gamejob.co.kr/net/Corp/CoImage/LogoView?FN=2026\6\GJ_CoLogo_46707147.png?639226934880000000,김준엽 외 1명,2022년,"수험생 키우기, 연애혁명 키우기, 취준생 키우기",
47014609,https://file.gamejob.co.kr/net/Corp/CoImage/LogoView?FN=2026\9\GJ_CoLogo_47014609.png?639238975420000000,-,2024년,"아토즈포커(개발중, 2026 하반기 출시 예정)",
47018134,https://file.gamejob.co.kr/net/Corp/CoImage/LogoView?FN=2025\2\GJ_CoLogo_47018134.png?638985762910000000,김형준,2024년,inZOI(인조이),
47064232,https://file.gamejob.co.kr/net/Corp/CoImage/LogoView?FN=2025\11\GJ_CoLogo_47064232.png?639210282710000000,노정환,2024년,-,
47065855,https://file.gamejob.co.kr/net/Corp/CoImage/LogoView?FN=2025\5\GJ_CoLogo_47065855.png?638826861620000000,고영수,2021년,-,
47128753,https://file.gamejob.co.kr/net/Corp/CoImage/LogoView?FN=2025\3\GJ_CoLogo_47128753.png?638991595010000000,박승제,2025년,냥냥섬: 전설의 집사,
47139646,https://file.gamejob.co.kr/net/Corp/CoImage/LogoView?FN=2025\3\GJ_CoLogo_47139646.jpg?639114399650000000,배재현,2025년,-,
47203766,,백승욱,2025년,-,
47360635,https://file.gamejob.co.kr/net/Corp/CoImage/LogoView?FN=2025\4\GJ_CoLogo_47360635.png?639110791250000000,박태준,2022년,레메게톤,
47441084,https://file.gamejob.co.kr/net/Corp/CoImage/LogoView?FN=2025\10\GJ_CoLogo_47441084.png?639209324260000000,김준원,2025년,-,
47463122,https://file.gamejob.co.kr/net/Corp/CoImage/LogoView?FN=2025\4\GJ_CoLogo_47463122.jpg?638815311950000000,강경훈,2020년,-,
47511100,https://file.gamejob.co.kr/net/Corp/CoImage/LogoView?FN=2026\3\GJ_CoLogo_47511100.png?639232772910000000,김태진,2025년,둘이서막자,
47522931,https://file.gamejob.co.kr/net/Corp/CoImage/LogoView?FN=2025\4\GJ_CoLogo_47522931.png?639201419520000000,김영민,2023년,-,
47594488,https://file.gamejob.co.kr/net/Corp/CoImage/LogoView?FN=2025\5\GJ_CoLogo_47594488.jpg?638838659930000000,김한규,2025년,-,
47616029,https://file.gamejob.co.kr/net/Corp/CoImage/LogoView?FN=2025\5\GJ_CoLogo_47616029.png?638999364520000000,최문영,2025년,THRONE AND LIBERTY,
47792997,https://file.gamejob.co.kr/net/Corp/CoImage/LogoView?FN=2026\8\GJ_CoLogo_47792997.png?639231789170000000,이희상,2022년,스테퍼 레트로: 초능력 추리 퀘스트,
47884441,,정주섭,2010년,-,
47901196,,최우영,2014년,-,
47931801,https://file.gamejob.co.kr/net/Corp/CoImage/LogoView?FN=2025\5\GJ_CoLogo_47931801.png?638834484460000000,박도준,-,-,
48033767,https://file.gamejob.co.kr/net/Corp/CoImage/LogoView?FN=2025\10\GJ_CoLogo_48033767.png?639197104990000000,이권노,2024년,용사마을타이쿤(11월 서비스 예정) / 프로젝트 HT (12월 서비스 예정),
48133794,https://file.gamejob.co.kr/net/Corp/CoImage/LogoView?FN=2025\6\GJ_CoLogo_48133794.png?639088315530000000,박철광,2018년,-,
48149208,https://file.gamejob.co.kr/net/Corp/CoImage/LogoView?FN=2026\8\GJ_CoLogo_48149208.png?639213646640000000,박광근,2025년,MW:MEU(뮤) 5인조 버추얼 걸그룹,
48466326,,김기강,-,-,
48467573,https://file.gamejob.co.kr/net/Corp/CoImage/LogoView?FN=2025\9\GJ_CoLogo_48467573.jpg?638936405540000000,노진,2014년,정령킹 키우기,
48584974,https://file.gamejob.co.kr/net/Corp/CoImage/LogoView?FN=2026\3\GJ_CoLogo_48584974.png?639190293410000000,전은수,2025년,-,
48600636,https://file.gamejob.co.kr/net/Corp/CoImage/LogoView?FN=2025\8\GJ_CoLogo_48600636.jpg?639226535590000000,홍성우,2025년,-,
48602702,https://file.gamejob.co.kr/net/Corp/CoImage/LogoView?FN=2025\7\GJ_CoLogo_48602702.png?638893132190000000,김진수,-,-,
48659344,https://file.gamejob.co.kr/net/Corp/CoImage/LogoView?FN=2026\5\GJ_CoLogo_48659344.png?639178987540000000,황석윤,2025년,Project Rabbit,
48744104,https://file.gamejob.co.kr/net/Corp/CoImage/LogoView?FN=2025\9\GJ_CoLogo_48744104.jpg?639156732400000000,노창규,2025년,-,
48754894,,이고은,-,-,
48781187,https://file.gamejob.co.kr/net/Corp/CoImage/LogoView?FN=2025\8\GJ_CoLogo_48781187.png?639114337370000000,이재현,2023년,"실버 팰리스, 앙상블 스타즈, V Project, Babytopia, ANIPOP 등",
48892426,https://file.gamejob.co.kr/net/Corp/CoImage/LogoView?FN=2025\8\GJ_CoLogo_48892426.png?638916798360000000,조윤선,2007년,-,
48897509,https://file.gamejob.co.kr/net/Corp/CoImage/LogoView?FN=2026\2\GJ_CoLogo_48897509.png?639229419050000000,OOO,2025년,DuelistArena,
48944643,https://file.gamejob.co.kr/net/Corp/CoImage/LogoView?FN=2025\9\GJ_CoLogo_48944643.png?639165274730000000,김진식,2018년,-,
49138865,https://file.gamejob.co.kr/net/Corp/CoImage/LogoView?FN=2025\9\GJ_CoLogo_49138865.png?639075413450000000,김일권,2025년,-,
49519308,https://file.gamejob.co.kr/net/Corp/CoImage/LogoView?FN=2026\4\GJ_CoLogo_49519308.png?639144457450000000,이윤재,2025년,"나 혼자 만렙 키우기, 응발로 키우기",
49563839,https://file.gamejob.co.kr/net/Corp/CoImage/LogoView?FN=2025\12\GJ_CoLogo_49563839.jpg?639215421640000000,이지형,2025년,-,
49691675,https://file.gamejob.co.kr/net/Corp/CoImage/LogoView?FN=2026\3\GJ_CoLogo_49691675.png?639183294020000000,허성재,2025년,-,
49738515,https://file.gamejob.co.kr/net/Corp/CoImage/LogoView?FN=2025\11\GJ_CoLogo_49738515.png?638998502410000000,김태윤,2025년,남모,
49943920,https://file.gamejob.co.kr/net/Corp/CoImage/LogoView?FN=2026\3\GJ_CoLogo_49943920.png?639155843220000000,.,2025년,-,
50007502,https://file.gamejob.co.kr/net/Corp/CoImage/LogoView?FN=2026\4\GJ_CoLogo_50007502.png?639192166210000000,최준영,2025년,You Ain’t the Hero,
50199312,https://file.gamejob.co.kr/net/Corp/CoImage/LogoView?FN=2026\6\GJ_CoLogo_50199312.png?639174177920000000,이도형 김태수 박남준,-,-,
50204664,https://file.gamejob.co.kr/net/Corp/CoImage/LogoView?FN=2026\6\GJ_CoLogo_50204664.jpg?639179117090000000,김종율,2025년,-,
50269956,https://file.gamejob.co.kr/net/Corp/CoImage/LogoView?FN=2026\7\GJ_CoLogo_50269956.png?639198155240000000,윤복희,2025년,"포켓트윈, 헬로키티스윗파티, 고양이화가냐호",
50279419,https://file.gamejob.co.kr/net/Corp/CoImage/LogoView?FN=2026\8\GJ_CoLogo_50279419.jpg?639223274010000000,김정호,2018년,-,
50379121,https://file.gamejob.co.kr/net/Corp/CoImage/LogoView?FN=2026\1\GJ_CoLogo_50379121.png?639107265950000000,김민수,2025년,-,
50483512,,박대성,-,-,
50502273,https://file.gamejob.co.kr/net/Corp/CoImage/LogoView?FN=2026\2\GJ_CoLogo_50502273.png?639086483920000000,김대홍,2025년,-,
50504125,,박병희,-,-,
50507785,,장목환,2025년,-,
50665391,,신원규,2023년,-,
50698861,,이순재,2020년,-,
50734158,https://file.gamejob.co.kr/net/Corp/CoImage/LogoView?FN=2026\3\GJ_CoLogo_50734158.png?639195366920000000,SOLON LEE,2014년,"명조:워더링 웨이브, 퍼니싱:그레이 레이븐",
50845027,https://file.gamejob.co.kr/net/Corp/CoImage/LogoView?FN=2026\3\GJ_CoLogo_50845027.png?639099518260000000,송근욱,2025년,NGM(개발중),
50881203,https://file.gamejob.co.kr/net/Corp/CoImage/LogoView?FN=2026\4\GJ_CoLogo_50881203.png?639106314980000000,변재석,1998년,-,
50902947,https://file.gamejob.co.kr/net/Corp/CoImage/LogoView?FN=2026\3\GJ_CoLogo_50902947.png?639098924570000000,고민성,2026년,-,
50904709,https://file.gamejob.co.kr/net/Corp/CoImage/LogoView?FN=2026\3\GJ_CoLogo_50904709.png?639095142650000000,한믿음,2026년,-,
50907809,https://file.gamejob.co.kr/net/Corp/CoImage/LogoView?FN=2026\3\GJ_CoLogo_50907809.jpg?639094537100000000,주대진/김나윤,-,-,
50939587,https://file.gamejob.co.kr/net/Corp/CoImage/LogoView?FN=2026\7\GJ_CoLogo_50939587.png?639215366060000000,우승원,2025년,-,
50976160,,이성권,-,-,
51049837,,고무진,2026년,-,
51073312,https://file.gamejob.co.kr/net/Corp/CoImage/LogoView?FN=2026\6\GJ_CoLogo_51073312.jpg?639161935360000000,윤정욱,2023년,-,
51203404,,강경훈,-,-,
51231931,https://file.gamejob.co.kr/net/Corp/CoImage/LogoView?FN=2026\4\GJ_CoLogo_51231931.jpg?639126443530000000,김나윤,2010년,-,
51259931,,홍석인,-,-,
51267366,,정의석,2024년,-,
51269463,,SOLON LEE,2014년,"명조:워더링 웨이브, 퍼니싱:그레이 레이븐",
51282866,https://file.gamejob.co.kr/net/Corp/CoImage/LogoView?FN=2026\5\GJ_CoLogo_51282866.png?639166329890000000,송진수,2026년,"Project S, Project P, Project R",
51288047,,김민식,2026년,-,
51389455,,김정우,2025년,-,
51531830,https://file.gamejob.co.kr/net/Corp/CoImage/LogoView?FN=2026\5\GJ_CoLogo_51531830.png?639226529100000000,김재인,2026년,-,
51538124,,최용훈,2026년,-,
51551717,https://file.gamejob.co.kr/net/Corp/CoImage/LogoView?FN=2026\5\GJ_CoLogo_51551717.png?639192426180000000,김선영,2023년,"XR Paradise, Mindcraft",
51593173,https://file.gamejob.co.kr/net/Corp/CoImage/LogoView?FN=2026\7\GJ_CoLogo_51593173.jpg?639197314660000000,김근성,2024년,under the rooftop,
51607550,https://file.gamejob.co.kr/net/Corp/CoImage/LogoView?FN=2026\6\GJ_CoLogo_51607550.png?639161954740000000,최윤빈,2026년,"포트리스사가, 무명기시단",
51644945,,이현민,2025년,-,
51651336,,배준석,-,-,
51652451,https://file.gamejob.co.kr/net/Corp/CoImage/LogoView?FN=2026\6\GJ_CoLogo_51652451.jpg?639190389460000000,김혁진 / 홍지철,2026년,-,
51662674,https://file.gamejob.co.kr/net/Corp/CoImage/LogoView?FN=2026\6\GJ_CoLogo_51662674.png?639167132780000000,이정윤,2014년,-,
51699009,https://file.gamejob.co.kr/net/Corp/CoImage/LogoView?FN=2026\6\GJ_CoLogo_51699009.png?639178242840000000,고창원/김상엽,2022년,"ZEP QUIZ , ZEP SCHOOL",
51756296,https://file.gamejob.co.kr/net/Corp/CoImage/LogoView?FN=2026\7\GJ_CoLogo_51756296.png?639185942850000000,박찬훈,-,-,
51773905,https://file.gamejob.co.kr/net/Corp/CoImage/LogoView?FN=2026\6\GJ_CoLogo_51773905.png?639178157380000000,성주원,2025년,메이플스타,
51779643,https://file.gamejob.co.kr/net/Corp/CoImage/LogoView?FN=2026\7\GJ_CoLogo_51779643.png?639219893450000000,김호식,2025년,Weving,
51799987,https://file.gamejob.co.kr/net/Corp/CoImage/LogoView?FN=2026\6\GJ_CoLogo_51799987.png?639180866870000000,"임승혁,안중현",2026년,"테일드데몬슬레이어, 광전사키우기, 써니하우스",
51803271,,마쿠안테로이그네이셔스/얀,2013년,-,
51830160,https://file.gamejob.co.kr/net/Corp/CoImage/LogoView?FN=2026\6\GJ_CoLogo_51830160.png?639183448440000000,이윤환,2026년,-,
51851423,https://file.gamejob.co.kr/net/Corp/CoImage/LogoView?FN=2026\7\GJ_CoLogo_51851423.png?639198198950000000,마성빈,-,-,
51873521,https://file.gamejob.co.kr/net/Corp/CoImage/LogoView?FN=2026\7\GJ_CoLogo_51873521.png?639186884880000000,이상일,-,-,
51879525,https://file.gamejob.co.kr/net/Corp/CoImage/LogoView?FN=2026\7\GJ_CoLogo_51879525.PNG?639186945140000000,장원익,2020년,-,
51881434,https://file.gamejob.co.kr/net/Corp/CoImage/LogoView?FN=2026\7\GJ_CoLogo_51881434.png?639186874110000000,전창병,-,-,
51971194,https://file.gamejob.co.kr/net/Corp/CoImage/LogoView?FN=2026\7\GJ_CoLogo_51971194.png?639195440930000000,김영빈,2023년,-,
51976811,https://file.gamejob.co.kr/net/Corp/CoImage/LogoView?FN=2026\8\GJ_CoLogo_51976811.png?639233660530000000,이준석,2026년,-,
52002692,https://file.gamejob.co.kr/net/Corp/CoImage/LogoView?FN=2026\7\GJ_CoLogo_52002692.png?639201545920000000,임재훈,2022년,-,
52104344,https://file.gamejob.co.kr/net/Corp/CoImage/LogoView?FN=2026\7\GJ_CoLogo_52104344.png?639208544890000000,정원영,2024년,-,
52110553,https://file.gamejob.co.kr/net/Corp/CoImage/LogoView?FN=2026\7\GJ_CoLogo_52110553.png?639228211430000000,장수필,2026년,"Wretched Tales : Cinderella, PixelBeads",
52110634,https://file.gamejob.co.kr/net/Corp/CoImage/LogoView?FN=2026\7\GJ_CoLogo_52110634.png?639208488310000000,임기채,2019년,TerraPark,
52163921,https://file.gamejob.co.kr/net/Corp/CoImage/LogoView?FN=2026\8\GJ_CoLogo_52163921.jpg?639219758480000000,박지훈,-,-,
52171726,,김상하,2026년,아우터플레인,
52186236,,신동욱,-,-,
52192179,https://file.gamejob.co.kr/net/Corp/CoImage/LogoView?FN=2026\8\GJ_CoLogo_52192179.png?639228351920000000,변성준/김연수,1991년,-,
52194306,,최유연,2019년,-,
52194461,https://file.gamejob.co.kr/net/Corp/CoImage/LogoView?FN=2026\8\GJ_CoLogo_52194461.png?639220658170000000,주동욱,-,-,
52201857,,정유림,-,-,
52235233,https://file.gamejob.co.kr/net/Corp/CoImage/LogoView?FN=2026\8\GJ_CoLogo_52235233.jpg?639235349670000000,"최용석, 손정호",2026년,글로벌 인기IP 캐쥬얼모바일게임 개발중,
52299667,https://file.gamejob.co.kr/net/Corp/CoImage/LogoView?FN=2026\8\GJ_CoLogo_52299667.png?639232625700000000,조현기,2024년,WASD : 토리의모험,
52342243,,홍영삼,-,-,
52344115,https://file.gamejob.co.kr/net/Corp/CoImage/LogoView?FN=2026\8\GJ_CoLogo_52344115.jpg?639232143920000000,정원민,2026년,-,
46220019,https://file.gamejob.co.kr/net/Corp/CoImage/LogoView?FN=2025\2\GJ_CoLogo_46220019.png?638923216620000000,문성빈,2024년,전지적 독자 시점 (Project O),
48826963,https://file.gamejob.co.kr/net/Corp/CoImage/LogoView?FN=2025\9\GJ_CoLogo_48826963.png?639034661310000000,"김신협, 정재훈",2025년,-,
51238158,,박진학,-,-,
52427040,https://file.gamejob.co.kr/net/Corp/CoImage/LogoView?FN=2026\9\GJ_CoLogo_52427040.png?639239604280000000,장지훈,2019년,-,
